Comment,Video Popularity,Comment Popularity,gender_of_sport,club_region,language,sexism,racism,violence,appearance,ability,non_offensive,has_hate,hate_type_count
Cassidy fantastic ❤❤❤❤,1,0,Male,England,en,False,False,False,False,False,False,False,0
"Gracias Henry, GRANDE HENRY",0,1,Male,Latin America,en,False,False,False,False,False,True,False,0
VAMOS VAMOS AMÉRICAAAAAA 🎶🎶🎶🎶🎶🎶🎶,0,2,Male,Latin America,de,False,False,False,False,False,True,False,0
Arteta Get out of my club,1,2,Female,England,en,False,False,False,False,False,True,False,0
Me parece s mal gusto que no pongan el audio,2,0,Female,Latin America,es,False,False,False,False,False,True,False,0
La joyita ya necesita titularidad ella sola creaba jugabas aparte que todos sus centros eran bastante precisos,1,0,Female,Latin America,es,False,False,False,False,False,True,False,0
"El club debe ponerle una sanción Disciplinaria a Okeke. No puede conducirse asi, afectando a su equipo, sobre todo ahorita con tanta lesionada.",2,0,Female,Latin America,es,False,False,False,False,False,True,False,0
Mi flojo y tronco 🪵 valdez ya te dio miedo que te quiten tu lugar 😅😅😅.  No quien te quiera,1,0,Male,Latin America,es,False,False,False,True,False,False,True,1
Muy bien a poner al equipo en el mejor estado físico de la liga 💯,0,0,Female,Latin America,es,False,False,False,False,False,True,False,0
"Veo a un entrenador conformista, no lo veo, como entrenador , nooo sabe motivar y de sicologia no lo veo tampoco, debería de estimular a las chamacas, son buenas jugando.",0,0,Female,Latin America,es,True,False,False,False,False,False,True,1
"That last free kick at the last minute, my heart was beating so fast 😂❤
COYS🤍💙",0,0,Male,England,en,False,False,False,False,False,True,False,0
Ha Venezia. Non sarà semplice. Anno sofferto tutte le grandi squadre.,0,0,Male,Italy,it,False,False,False,False,False,True,False,0
Para que quieres al real Madrid o al Barcelona primero aprendan a ganarle a tigres y luego le hacen al cuento,2,0,Female,Latin America,es,False,False,False,False,False,True,False,0
Caicedo is leaving the team he got an offer from spain,0,2,Male,England,en,False,False,False,False,False,True,False,0
Faz 7 meses que o salário dos jogadores estão em dia agora mês que vem já vão atrasar discurso dizendo que não tem dinheiro kkk piada,1,0,Male,Latin America,pt,False,False,False,False,False,True,False,0
Keremos a chivas culones hay ba papa,1,0,Male,Latin America,es,True,False,False,True,False,False,True,2
As overwhelmed as that kid was he never forgot to thank everyone. Very gracious and respectful. Does his parents proud,1,2,Male,England,en,False,False,False,False,False,True,False,0
Vai Corinthians 🦅🖤🖤 que dai saia muitas joias para o nosso timão,0,1,Male,Latin America,pt,False,False,False,False,False,True,False,0
Sehr schön cooool😊😊😊❤💚🐺,2,1,Female,Germany,de,False,False,False,False,False,True,False,0
💚,0,2,Female,Germany,unknown,False,False,False,False,False,True,False,0
She the best and when are you coming back to the TILLES 💚💛,0,0,Female,England,en,False,False,False,False,False,True,False,0
Happy Birthday 🎂🍦🍧👏👏👏,0,1,Female,Italy,en,False,False,False,False,False,True,False,0
"GRACIAS TOTALES LUIS, CRACK BICAMPEON",1,0,Male,Latin America,de,False,False,False,False,False,True,False,0
O algusto ainda teve a coragem de aparecer na arena é muito cara de pau .,2,0,Male,Latin America,pt,False,False,False,False,False,True,False,0
"Exactamente, esto es AMERICA Y CHICAS ESTAMOS MAS QUE BIEN REPRENSENTAD@S, SEGUIMOS EN EL BARCO Y CONFIO QUE LOGRARAN LA TERCERA, CORAZON, CABEZA FRIA Y EL ORGULLO DE LOS TROPIEZOS DEL AYER, SE HAN LEVANTADO Y AHORA UNA REVANCHA ESTA EN PUERTA, PERO LA GLORIA ES LA QUE GUARDA POR TODO SU ESFUERZO,  POR LAS QUE ESTAN, LA QUE NO PUEDEN ESTAR Y TODA LA AFICION QUE LAS RESPALDAMOS ... VAMOOOOOOS!!!!",2,1,Female,Latin America,pt,False,False,False,False,False,True,False,0
Es una lider,0,0,Female,Latin America,es,False,False,False,False,False,True,False,0
la situazione continua a sfuggire di mano,2,0,Male,Italy,it,False,False,False,False,False,True,False,0
Espero les halla enseñado a patear bien el balón,2,0,Male,Latin America,es,False,False,False,False,False,True,False,0
tricampeones  ole ole ole ole ole ole ole ole ole ole ole ole ole ole ole ole,1,2,Male,Latin America,et,False,False,False,False,False,True,False,0
💎💎👑🙋🏼‍♂️🙋🏼‍♂️🙆🏼‍♂️🎩الوالد حفظه الله25 جبتلهم لارببونز من عند خاوتنا💎👑🙋🏼‍♂️🙋🏼‍♂️🙆🏼‍♂️🎩الأتراك بلي تركي مايصعا فالجزاءر إلا إمرأة واحدة🤷🏼‍♂️🤷🏼‍♂️,0,0,Female,Germany,ar,False,False,False,False,False,True,False,0
Jksid,0,1,Female,Italy,et,False,False,False,False,False,True,False,0
Congratulation Harry ❤,2,0,Male,Germany,en,False,False,False,False,False,True,False,0
Goodbye Conor Gallagher💔,1,0,Female,England,en,False,False,False,False,False,True,False,0
Booooooo,2,0,Female,England,so,False,False,False,False,False,True,False,0
"Pues no se merecen nada hasta las maletas 🧳 les avientan 
Este equipo no debió viajar 
Para pasar vergüenzas como 
Contra pumas 
Juárez 
Cruz Azul y todos los empates 
Y quieren ganar todo 
😂😂😂😂🤣
No valen vrga este equipo",1,0,Female,Latin America,es,False,False,False,False,False,True,False,0
WE MADE IT...,1,1,Female,England,en,False,False,False,False,False,True,False,0
E -,2,0,Female,England,es,False,False,False,False,False,True,False,0
Awesome simply AWESOME Forza Buffon 😊,1,1,Male,Italy,en,False,False,False,False,False,True,False,0
😮‍💨,2,0,Female,Latin America,unknown,False,False,False,False,False,True,False,0
Mood instantly lifted. Thank you for this,2,2,Female,England,en,False,False,False,False,False,True,False,0
Women team crosses better than their male counterparts 😂😂😂,2,0,Female,England,en,True,False,False,False,True,False,True,2
Invece di ballare guocate capre,2,1,Female,Italy,it,True,False,False,True,True,False,True,3
Love it! Working hard for the new manager! 💙,1,1,Female,England,en,False,False,False,False,False,True,False,0
Steht ihm,1,2,Male,Germany,de,False,False,False,False,False,True,False,0
Nkunku is back and ready 👍👌✅,1,0,Female,England,en,False,False,False,False,False,True,False,0
"È vero una partita l""abbiamo vinta ma con questo non posso dire che ormai i guai sono finiti , perché qualche sbavatura l'ho vista .quando vedto che tutto questo è finito ,allora potro dire la JUVENTUS e""tornata .",2,0,Male,Italy,it,False,False,False,False,False,True,False,0
Somos águilas,2,0,Male,Latin America,es,False,False,False,False,False,True,False,0
Top guy,0,0,Male,England,vi,False,False,False,False,False,True,False,0
Merci et bon voyage Bernard Lacombe,1,0,Male,France,fr,False,False,False,False,False,True,False,0
🇺🇲👑 Club America 👑🇺🇲,0,2,Male,Latin America,ro,False,False,False,False,False,True,False,0
💚🤍,0,2,Male,Germany,unknown,False,False,False,False,False,True,False,0
Koen 😢,0,2,Male,Germany,nl,False,False,False,False,False,False,False,0
"Pareil, perf debut pas terrible, a fait l'inverse de MBAPPE, est monté en régime. Pourvu que ça dure et l'accession en ligue 1 enfin!",0,2,Female,France,fr,False,False,False,False,False,True,False,0
Roooooad to ligue 1!!!! Et faisons le nécessaire pour améliorer Charlety et y rester! c'est notre stade!!!,0,2,Male,France,fr,False,False,False,False,False,True,False,0
Velkommen til ulveflokken 🐺✨ Mads 💚🤍,0,2,Male,Germany,no,False,False,False,False,False,True,False,0
💚🤍,0,2,Male,Germany,unknown,False,False,False,False,False,True,False,0
Vamos!!!!!,0,2,Male,England,lt,False,False,False,False,False,True,False,0
Pokal Helden 💚,1,2,Male,Germany,nl,False,False,False,False,False,True,False,0
Stabiler Typ 💚🤍,0,1,Male,Germany,tr,False,False,False,False,False,True,False,0
Wir müssen es auch mal schaffen gegen die „schlechteren“ Gegner zu gewinnen💚🤍,0,2,Male,Germany,de,False,False,False,False,False,True,False,0
Es war das erwartete Krampfspiel mit dem Glück 🍀 auf unserer Seite. Da dürfen wir ehrlich sein. Aber auch Glück muss erstmal erkämpft werden. Und das habt ihr heute 💚🤍🐺🔥,0,2,Male,Germany,de,False,False,False,False,False,True,False,0
Bin mal gespannt auf ihn 🐺,0,2,Male,Germany,de,False,False,False,False,False,True,False,0
Arnold🤡,1,2,Male,Germany,cy,False,False,False,False,False,True,False,0
"3:00 ""Mudder"" ähhh Mutter😂😂",1,2,Male,Germany,sv,False,False,False,False,False,True,False,0
ARSENAL 👍🏆,0,2,Male,England,ca,False,False,False,False,False,True,False,0
Danke,0,2,Male,Germany,da,False,False,False,False,False,True,False,0
💚🤍,0,2,Male,Germany,unknown,False,False,False,False,False,True,False,0
Geiles Format 💚🤍,0,2,Male,Germany,de,False,False,False,False,False,True,False,0
Nur die SGE🦅,1,2,Male,Germany,af,False,False,False,False,False,True,False,0
fantastic 💙,0,2,Male,England,ca,False,False,False,False,False,True,False,0
💚🤍,0,2,Male,Germany,unknown,False,False,False,False,False,True,False,0
Der beste der jemals hier war.,0,2,Male,Germany,de,False,False,False,False,False,True,False,0
Sehr geil!💚🤍,0,2,Male,Germany,de,False,False,False,False,False,True,False,0
💚🤍🕊️,0,2,Male,Germany,unknown,False,False,False,False,False,True,False,0
"Leipzig war eine geile, 90 minütige Party und mit dem Torhunger geht's morgen hoffentlich weiter⚽",0,2,Male,Germany,de,False,False,False,False,False,True,False,0
💚🤍,0,2,Male,Germany,unknown,False,False,False,False,False,True,False,0
🇪🇺🇩🇪☝🏻🇹🇷🐺🫡,0,2,Male,Germany,unknown,False,False,False,False,False,True,False,0
Grabara = Goat 🐐🏆💚🤍,1,2,Male,Germany,id,False,False,False,False,False,True,False,0
🐺🐺,0,2,Male,Germany,unknown,False,False,False,False,False,True,False,0
behrens kann sich verpissen,0,1,Male,Germany,de,False,False,True,False,False,False,True,1
Onana avait donc... raison. Certains supporters lyonnais apprendront a ne plus insulter les mamans des autres,1,2,Male,France,fr,False,False,False,False,False,True,False,0
Amazing.,0,2,Male,England,sw,False,False,False,False,False,True,False,0
Big save.,0,2,Male,England,da,False,False,False,False,False,True,False,0
Allez malherbe ❤️💙,0,1,Male,France,hu,False,False,False,False,False,True,False,0
my fav club❤❤❤❤❤❤😊,0,2,Male,England,sv,False,False,False,False,False,True,False,0
Delapinho❤,1,2,Male,England,pt,False,False,False,False,False,True,False,0
Love u madders ❤,0,2,Male,England,nl,False,False,False,False,False,True,False,0
💙🔵💙,1,2,Male,England,unknown,False,False,False,False,False,True,False,0
Lampard doesn't make mistakes like that in important big games.,0,2,Male,England,af,False,False,False,False,False,True,False,0
🤩💚💚💚💚,1,2,Male,Germany,unknown,False,False,False,False,False,True,False,0
Pedro Pedro Pedro Pedrooooo,1,2,Male,England,cy,False,False,False,False,False,True,False,0
Jet 😊,1,2,Male,England,da,False,False,False,False,False,True,False,0
Let's go boys,1,2,Male,England,cy,False,False,False,False,False,True,False,0
Love it❤,0,2,Male,England,sl,False,False,False,False,False,True,False,0
Is Nkunku injured?,0,1,Male,England,hr,False,False,False,False,False,True,False,0
4:20 siuuuuuuuuuuu 🗣🗣,1,2,Male,England,so,False,False,False,False,False,True,False,0
"Kyra looks like Elizabeth Tan, artist from my country..",0,2,Male,England,en,False,False,False,False,False,True,False,0
Nikolasss Jacksonnn🔥,2,2,Male,England,fi,False,False,False,False,False,True,False,0
Welcome Guiu🎉,1,2,Male,England,ro,False,False,False,False,False,True,False,0
最高やな,1,2,Male,England,ja,False,False,False,False,False,True,False,0
J adore ce mec et j adore ce concept,0,2,Male,France,pt,False,False,False,False,False,True,False,0
Get a damn forward,0,2,Male,England,cy,False,False,False,False,False,True,False,0
"Quel magnifique gardien, il va nous manquer",2,2,Male,France,fr,False,False,False,False,False,True,False,0
Lets goo Boys 💯⚽️,0,2,Male,Germany,nl,False,False,False,False,False,True,False,0
Kaneryd Linda joga muito 😘💙,0,2,Male,England,lt,False,False,False,False,False,True,False,0
Viktor Gyokeres for Arsenal,0,2,Male,England,no,False,False,False,False,False,True,False,0
Mikel never change and never leave Arsenal :D,0,2,Male,England,da,False,False,False,False,False,True,False,0
I ❤ gooning,0,2,Male,England,tl,False,False,False,False,False,True,False,0
ART,1,2,Male,England,tl,False,False,False,False,False,True,False,0
I love Saka goal,0,2,Male,England,hr,False,False,False,False,False,True,False,0
Let's go BLUES 💙💙,2,2,Male,England,fr,False,False,False,False,False,True,False,0
Palmer nkunku and Neto 🔥,1,2,Male,England,et,False,False,False,False,False,True,False,0
캬 !! 역시 독일 인종차별 클라스 보소 !!,1,2,Male,Germany,ko,False,True,False,False,False,False,True,1
Laisse tomber le massacre,1,2,Male,France,fr,False,False,False,False,False,True,False,0
Sam kerr,0,2,Female,England,id,False,False,False,False,False,True,False,0
Everyone apologize to jackson,0,2,Male,England,sl,False,False,False,False,False,True,False,0
Chelsea tetap di hatiku 💙😘🥰,0,2,Male,England,id,False,False,False,False,False,True,False,0
Timber vs all PSG attackers ☠️💀,0,2,Female,England,sv,False,False,False,False,False,True,False,0
"Allez les gars, c'est rien c'était juste un faux pas. On croit en vous pour renouer avec la victoire la semaine prochaine face à Grenoble 💪💪🔵⚪",2,2,Male,France,fr,False,False,False,False,False,True,False,0
Will Havertz be available against VARdrid?,0,2,Female,England,no,False,False,False,False,False,True,False,0
💙💙💙,0,2,Male,England,unknown,False,False,False,False,False,True,False,0
En avant le Paris fc ❤❤❤,0,2,Male,France,fr,False,False,False,False,False,True,False,0
INVINCIBLE 💪 💪 💪,1,2,Male,England,uk,False,False,False,False,False,True,False,0
"Кто такой вообще Мареска??? Чего он добился,чего выиграл?  Лестер и без него должен был выходить обратно в премьеру. Очередной Грэм Поттер?",0,1,Male,England,ru,False,False,False,False,False,True,False,0
super  kai,1,2,Male,England,lt,False,False,False,False,False,True,False,0
ทั้งทีม หญิง ชาย เลย,0,1,Female,England,th,False,False,False,False,False,True,False,0
Amapiano ww💯💯,1,2,Male,England,sw,False,False,False,False,False,True,False,0
Well done ladies.,0,2,Female,England,af,False,False,False,False,False,True,False,0
Noni ❤❤❤,0,2,Male,England,sw,False,False,False,False,False,True,False,0
"Deserved get number 10 shirt, after ESR",0,2,Male,England,da,False,False,False,False,False,True,False,0
GO ON YOU GUNNERS.🔥.,0,2,Male,England,cy,False,False,False,False,False,True,False,0
0 défaite sur les 4 matchs contre l’OL et le PSG c’est vrm fort ! Dommage d’avoir perdu des points contre les petits car on aurait pu finir la saison invaincu,1,2,Male,France,fr,False,False,False,False,False,True,False,0
Fabianski ❤❤❤❤❤❤,0,2,Male,England,sl,False,False,False,False,False,True,False,0
Tosin smile kill me 😂😂😂,1,2,Male,England,fi,False,False,False,False,False,True,False,0
Pls Pin❤,0,2,Female,England,ca,False,False,False,False,False,True,False,0
Maduake out 😢,1,2,Male,England,et,False,False,False,False,False,True,False,0
💙💙💙,0,2,Male,England,unknown,False,False,False,False,False,True,False,0
Bravo à vous j’espère voir un beau derby parisien 😮,1,2,Male,France,fr,False,False,False,False,False,True,False,0
Important away win 🖤,0,2,Male,England,tl,False,False,False,False,False,True,False,0
Allez paris 🔵,0,1,Male,France,fr,False,False,False,False,False,True,False,0
Much love,0,2,Female,England,sk,False,False,False,False,False,True,False,0
تحيا باريس ❤️❤️,0,1,Male,France,ar,False,False,False,False,False,True,False,0
切爾西青訓，在我心目中，是歐洲前5,0,2,Male,England,zh-cn,False,False,False,False,False,True,False,0
When will we get Mayra Ramirez podcast. 🥺,0,2,Female,England,pl,False,False,False,False,False,True,False,0
STRENGTH X PACE X POWER X INTELLIGENCE..BIG GABI BULLYING MAN ❤❤ TO SEE IT,2,2,Male,England,vi,False,False,False,False,False,True,False,0
Lucky save,0,2,Male,England,sk,False,False,False,False,False,True,False,0
Much love💙💙,0,2,Male,England,sk,False,False,False,False,False,True,False,0
Maldini looks exciting.,0,2,Male,England,et,False,False,False,False,False,True,False,0
Bravo !!! On l'a fait !!!!,1,2,Male,France,fr,False,False,False,False,False,True,False,0
Arteta OUT!,0,1,Male,England,sq,False,False,False,False,False,True,False,0
From kenyaaaaaa❤,0,2,Male,England,so,False,False,False,False,False,True,False,0
Delap and his bedroom voice😂,0,2,Male,England,nl,False,False,False,False,False,True,False,0
Go kitty!,0,1,Male,England,fi,False,False,False,False,False,True,False,0
We love you Chloe ❤,0,2,Female,England,cs,False,False,False,False,False,True,False,0
Bergstom!!!,0,2,Male,England,sv,False,False,False,False,False,True,False,0
Aller paris fc monter en ligue 1 pour le classico parisien en ligue 1,1,2,Male,France,fr,False,False,False,False,False,True,False,0
blah blah blah,0,2,Male,England,id,False,False,False,False,False,True,False,0
Even G Jesus looked worried at kiwor 4:19,0,2,Male,England,af,False,False,False,False,False,True,False,0
Welcome Mike maignan 😁,0,2,Male,England,nl,False,False,False,False,False,True,False,0
Blues 💙,0,2,Male,England,fr,False,False,False,False,False,True,False,0
ボルチモア（Sandy Baltimore）って攻守そろったいい選手だよな。,0,2,Female,England,ja,False,False,False,False,False,True,False,0
Rice❤️,0,2,Male,England,ro,False,False,False,False,False,True,False,0
Why is he getting better,0,2,Male,England,af,False,False,False,False,False,True,False,0
We love you Big Gabi 🤍❤️🇧🇷,1,2,Male,England,tr,False,False,False,False,False,True,False,0
Allez PaparisFc... faites nous baver 🍺🤤🔪,0,1,Male,France,fr,False,False,False,False,False,True,False,0
Kid or KYD  ????,0,1,Male,England,da,False,False,False,False,False,True,False,0
Allez les gars faites nous rêver ❤️❤️,1,2,Male,France,fr,False,False,False,False,False,True,False,0
💙💙💙,0,2,Male,England,unknown,False,False,False,False,False,True,False,0
What type of press conference is this? Its like a rehearsed show,0,2,Male,England,en,False,False,False,False,False,True,False,0
We go win tomorrow,0,2,Male,England,pl,False,False,False,False,False,True,False,0
On va le faire et on va aller en 16ème ! Allez LE PARIS FC 🔵🔥,0,1,Male,France,fr,False,False,False,False,False,True,False,0
Great ep!,0,2,Male,England,af,False,False,False,False,False,True,False,0
Kenya🇰🇪🇰🇪🇰🇪🇰🇪🇰🇪🇰🇪🇰🇪,0,2,Male,England,unknown,False,False,False,False,False,True,False,0
Nice kit but would be better to see gyokeres or zubimendi in jt,1,2,Male,England,nl,False,False,False,False,False,True,False,0
KDH MY GUY😎,0,2,Male,England,sw,False,False,False,False,False,True,False,0
Wow ❤,0,2,Male,England,pl,False,False,False,False,False,True,False,0
Olise and Vale 😎,0,2,Male,England,et,False,False,False,False,False,True,False,0
Welcome to the Family 💙💙💙💙💙💙💙💙💙💙💙💙💙💙💙💙💙💙💙💙💙💙💙💙💙💙💙💙💙💙💙💙💙💙💙💙💙💙💙💙💙💙,0,2,Female,England,unknown,False,False,False,False,False,False,False,0
ارسنال ❤❤❤❤سأبقى مشجعاً لك.,0,2,Male,England,ar,False,False,False,False,False,True,False,0
❤❤❤,0,2,Male,England,unknown,False,False,False,False,False,True,False,0
Djordje Petroviccs jobb kaus,1,2,Male,England,sl,False,False,False,False,False,True,False,0
공홈에서 이런 도발을ㅋㅋㅋㅋㅋㅋ,0,2,Male,England,ko,False,False,False,False,False,True,False,0
No.9 to No.8,1,2,Male,England,pt,False,False,False,False,False,True,False,0
Arsenal ❤,0,2,Male,England,ca,False,False,False,False,False,True,False,0
Not Nkunku asking for it 😂😂😂,1,2,Male,England,no,False,False,False,False,False,True,False,0
💙💙💙,0,2,Female,England,unknown,False,False,False,False,False,True,False,0
"Massive reap for Torres for passing, unlike Noni",0,2,Male,England,no,False,False,False,False,False,True,False,0
6 days ago looks like summer time to me,0,1,Male,England,et,False,False,False,False,False,True,False,0
Hi,0,2,Male,England,nl,False,False,False,False,False,True,False,0
Our most important player,0,2,Female,England,fr,False,False,False,False,False,True,False,0
Come on arsenal let's go,0,2,Male,England,fr,False,False,False,False,False,True,False,0
LETSGOOOOO❤❤,1,2,Male,England,fr,False,False,False,False,False,True,False,0
We've got super mik merino,0,2,Male,England,af,False,False,False,False,False,True,False,0
Trossard skill 😮,0,2,Male,England,sv,False,False,False,False,False,True,False,0
Trevor Chalobah ❤,0,2,Male,England,sl,False,False,False,False,False,True,False,0
Gonner for ever,0,2,Male,England,no,False,False,False,False,False,True,False,0
i miss mesut ozil,0,2,Male,England,et,False,False,False,False,False,True,False,0
"Chelsea’s GOAT this season, only bangers every game from him, our Kante regen fs",0,2,Male,England,en,False,False,False,False,False,True,False,0
slipppyyyyy ggggggggg,0,2,Male,England,tl,False,False,False,False,False,True,False,0
Chelsea nem série B do Brasileiro ganha !,0,1,Male,England,pt,False,False,False,False,False,True,False,0
Allez l’OL,0,2,Male,France,hu,False,False,False,False,False,True,False,0
Arsenal!!!!!!!!!!!!,0,2,Male,England,ca,False,False,False,False,False,True,False,0
Good job Bukayo! 🎉🎉,1,2,Male,England,so,False,False,False,False,False,True,False,0
2:39 cucu 😭,0,2,Male,England,ro,False,False,False,False,False,True,False,0
Конору уважение. ФК Челси позор,0,2,Male,England,ru,False,False,False,False,False,True,False,0
Congratulations ladies 💙💙💙,0,2,Female,England,fr,False,False,False,False,False,True,False,0
"Bonjour merci de poster l'interview d'après match. 

Je suis abonné (pour quelques mois encore) à Charlety, j'ai beaucoup apprécié les idées du coach en 1 ère partie de saison merci à lui, aux joueurs et aux membres du staff. 

Match difficile avec la pluie, malheureusement on a joué le jeu de QRM avec du jeu aérien à gogo. Ils avaient des joueurs plus physique et plus de vices. L'arbitrage pas ouf pour les deux équipes plutôt défavorable au PFC (1 pénalty non sifflé des tirages de maillots non sanctionné de jaunes...) 
Gaudin était bien rentré dans la rencontre mais il a fait pas mal d'erreurs en deuxième mi-temps, j'espère qu'il sera plus régulier en 2 ème partie de saison. 
Les gardiens n'ont pas été au top sur les deux buts (la pluie... La concentration), Hamel qui prouve que sa bonne préparation n'était pas passagère, Kebbal inspire la crainte des joueurs de ligue 2. Le PFC est dominant dans ses matchs dans ses intentions souffrent d'un manque de profondeur lié à des blessures. 
Heureux de finir en première partie de tableau 🎉 on va chercher les barrages pour la fin de saison au minimum !!! 

Bravo à tous les supporters aussi qui répondent présent pour ""remplir Charlety""

Bonnes fêtes à vous",0,2,Female,France,fr,False,False,False,False,False,True,False,0
Chelsea Legend.,0,2,Female,England,nl,False,False,False,False,False,True,False,0
ENZO vs spurs ❤❤❤,0,2,Male,England,lv,False,False,False,False,False,True,False,0
My GOAT 🇩🇪🐐⚽️,0,2,Male,England,cy,False,False,False,False,False,True,False,0
"Arteta Out 
Kroenke Out 

Saka injured: ""Stay humble eh""",0,2,Male,England,no,False,False,False,False,False,True,False,0
Horrible defense,0,2,Male,England,no,False,False,False,False,False,True,False,0
I miss Tomi Saliba Ode ❤😢,0,2,Male,England,et,False,False,False,False,False,True,False,0
Was this uploaded for the flamengo fans? Utterly weird,0,2,Male,England,en,False,False,False,False,False,True,False,0
FROM Sénégal 🇸🇳🇸🇳🇸🇳🇸🇳🔥❤,0,2,Male,England,hu,False,False,False,False,False,True,False,0
"Ipswich are cooked if Noni, cole and Nico all start on Sunday",0,2,Male,England,en,False,False,False,False,False,True,False,0
みんな好き,0,2,Male,England,ja,False,False,False,False,False,True,False,0
Bravo my Chelsea,0,2,Male,England,sk,False,False,False,False,False,True,False,0
tyrique as a striker,0,2,Male,England,fr,False,False,False,False,False,True,False,0
Calm cool composed😂,0,2,Male,England,pt,False,False,False,False,False,True,False,0
Palmarès de Cayenne on a une marque de piment ( piment de Cayenne),2,2,Male,France,fr,False,False,False,False,False,True,False,0
hoomba hoomba,0,2,Male,England,so,False,False,False,False,False,True,False,0
love Bett's energy icl,0,2,Male,England,no,False,False,False,False,False,True,False,0
"Il faut vraiment améliorer la qualité du son des journalistes, on entend très mal, ça n’est pas faute de l’avoir dis plusieurs fois.",0,2,Female,France,fr,False,False,False,False,False,True,False,0
miss our striker alonso,0,2,Male,England,no,False,False,False,False,False,True,False,0
HERE WE GO 💙🔵,0,2,Male,England,so,False,False,False,False,False,True,False,0
Yes niamh!,0,2,Female,England,cy,False,False,False,False,False,True,False,0
❤❤❤❤,0,2,Female,England,unknown,False,False,False,False,False,True,False,0
Benny Blanco❤😂,0,2,Male,England,cy,False,False,False,False,False,True,False,0
Nwaneri is 🔥,0,2,Male,England,nl,False,False,False,False,False,True,False,0
❤️,0,2,Male,England,unknown,False,False,False,False,False,True,False,0
We need Gykorees and Eze,0,2,Male,England,af,False,False,False,False,False,True,False,0
Jackson. You are the best.,0,2,Male,England,en,False,False,False,False,False,True,False,0
Челсе 🇺🇿🇺🇿🇺🇿,0,2,Male,England,bg,False,False,False,False,False,True,False,0
DROP THE 7-1 HIGHLIGHTS,0,2,Male,England,vi,False,False,False,False,False,True,False,0
Tyrique George deserves more minutes than Madueke.,0,2,Male,England,fr,False,False,False,False,False,True,False,0
MIKEL ❤❤❤❤💪💪💪💪💪,0,2,Male,England,ca,False,False,False,False,False,True,False,0
i believe in nwaneri sterling and trossard....we good yall,0,2,Male,England,af,False,False,False,False,False,True,False,0
OHHHH ENZO MARESCAAAA,0,2,Male,England,pt,False,False,False,False,False,True,False,0
Arsenal legend,0,2,Male,England,nl,False,False,False,False,False,True,False,0
Allez les gars 🔵,0,1,Male,France,fr,False,False,False,False,False,True,False,0
Give him time!!!!🔥 ARSENAL ❤️❤️,0,2,Male,England,sq,False,False,False,False,False,True,False,0
I miss drogba ❤😅,0,0,Male,England,lv,False,False,False,False,False,True,False,0
I’m a big fan!!!😊,0,2,Male,England,cy,False,False,False,False,False,True,False,0
Gary looking good 👍🏽,0,2,Male,England,tl,False,False,False,False,False,True,False,0
Love how Ødeggard jumped over everyone,0,2,Male,England,no,False,False,False,False,False,True,False,0
Two Legends 💙💙💙💙 👏🏻👏🏻👏🏻👏🏻,0,2,Male,England,nl,False,False,False,False,False,True,False,0
Leah ❤❤❤,0,2,Male,England,id,False,False,False,False,False,True,False,0
"❤ARSENAL❤ - вітання🎉 Дівчатам🩷💪👏👏💐... Барса реально дуууже сильний суперник, тому насолода перемоги ще краща😂😂😊👍...   🐈‍⬛🏴‍☠️.",0,2,Male,England,uk,False,False,False,False,False,True,False,0
plz win,0,2,Male,England,pl,False,False,False,False,False,True,False,0
MAIKA!!!,0,2,Male,England,so,False,False,False,False,False,True,False,0
"どの他の動画を見てる時よりも、愛するチームの息子達が楽しそうにしている動画を見てる時間が最高に幸せです。

up the chels💙",1,2,Male,England,ja,False,False,False,False,False,True,False,0
1:38 Hamano Maika💙,0,2,Female,England,sw,False,False,False,False,False,True,False,0
Gorgeous lady. Damn!!!,0,2,Female,England,sv,True,False,False,True,False,False,True,2
🔴🔵🦁✨,1,2,Male,France,unknown,False,False,False,False,False,True,False,0
pourquoi il n'y a rien de 2001 à 2004 et de 2022 à 2024 ?,1,2,Male,France,fr,False,False,False,False,False,True,False,0
"Merci pour tout Malick, bonne chance pour la suite de ta carrière",0,2,Male,France,fr,False,False,False,False,False,True,False,0
Allé asse allé les verre,2,1,Male,France,fr,False,False,False,False,False,True,False,0
Merci Alex pour tout se que tu as fait à Lyon,1,2,Male,France,fr,False,False,False,False,False,True,False,0
"On sera derrière vous, allez le Paris FC 💪💪",0,1,Male,France,fr,False,False,False,False,False,True,False,0
Légende 🙏,1,1,Male,France,fr,False,False,False,False,False,True,False,0
"Arrêter avec vos matchs de légende de mer… 
On vas encore perdre ce soir avec vos conneries",0,2,Male,France,fr,False,False,True,False,False,False,True,1
Наш пацан❤❤❤,1,0,Male,England,mk,False,False,False,False,False,True,False,0
Aqui é Corinthians po,1,2,Male,Latin America,pt,False,False,False,False,False,True,False,0
Please sign viktor gyökeres and ederson from atalanta,1,1,Male,England,da,False,False,False,False,False,True,False,0
Legal augusto vai manda o Bidu embora e vai deixar o craque Hugo  parabéns,1,1,Male,Latin America,pt,False,False,False,False,False,True,False,0
"Prantos fregues, aposentado Ney freguês. Tudo em casa",1,2,Male,Latin America,pt,False,False,False,False,False,True,False,0
Κουλιερακης οε οε οε!!!!!!!!!,2,1,Male,Germany,el,False,False,False,False,False,True,False,0
Só eu acha estranho? Essa veneração?,1,1,Male,Latin America,pt,False,False,False,False,False,True,False,0
goat,0,2,Male,England,hr,False,False,False,False,False,True,False,0
Big ups Arsenal!!!,1,2,Male,England,ca,False,False,False,False,False,True,False,0
👉Parabéns  Yuri  você  é o melhor  👈🤍🖤🤍🖤🤍🖤🤍🖤💥💯⚽️🏅🏆🎉🎉🎉🇧🇷🇧🇷🇧🇷🇧🇷🇧🇷🇧🇷🇧🇷🇧🇷🇧🇷🇧🇷🇧🇷🇧🇷🇧🇷🇧🇷🇧🇷🇧🇷🇧🇷,1,1,Male,Latin America,pt,False,False,False,False,False,True,False,0
ขอให้อาร์เซนอลเล่นดุดันแบบนี้ตลอดไปครับอย่าไปเปลี่ยนแนวเล่น❤❤❤,2,1,Male,England,th,False,False,False,False,False,True,False,0
Só faltou o time fazer o poropopó,1,1,Male,Latin America,pt,False,False,False,False,False,True,False,0
É  o Talles mágico  porra!!🔥🔥🔥VAi CORINTHIANS!!🖤 🤍 🖤 🤍,1,1,Male,Latin America,pt,False,False,False,False,False,True,False,0
Love you Ø❤,1,0,Male,England,cs,False,False,False,False,False,True,False,0
Primeiro,1,1,Male,Latin America,pt,False,False,False,False,False,True,False,0
Tomi 😍,1,2,Male,England,fi,False,False,False,False,False,True,False,0
Esse cara é excelente,1,2,Male,Latin America,pt,False,False,False,False,False,True,False,0
آرسنال در ایران خیلی طرفدار دارد🇮🇷🇮🇷❤❤,1,0,Male,England,fa,False,False,False,False,False,True,False,0
VAMOS CORINTHIANS MEU TIMÃO ⚽️🖤⚽️🖤,1,2,Male,Latin America,vi,False,False,False,False,False,True,False,0
En route pour la ligue 1!!!!,1,1,Male,France,fr,False,False,False,False,False,True,False,0
Set Piece FC ❤️,1,2,Male,England,pl,False,False,False,False,False,True,False,0
"Ouiiiiii ! On y est enfin, en ligue 1. J’ai hâte que le mois d’août arrive, pour la reprise. 💙 Paris fc 💙",1,2,Male,France,fr,False,False,False,False,False,True,False,0
"Sentimos muita falta de ver os jogadores treinando posicionamento tático, sistema defensivo, transição meio campo e ataque....",1,1,Male,Latin America,pt,False,False,False,False,False,True,False,0
Nunca ouvi falar,1,1,Male,Latin America,ro,False,False,False,False,False,True,False,0
É gigante pra quem ama e lhe quer bem,1,1,Male,Latin America,pt,False,False,False,False,False,True,False,0
MLS Love you 😊❤,1,2,Male,England,cs,False,False,False,False,False,True,False,0
Xhaka 3D Goàaaal so Brilliant ❤,1,2,Male,England,so,False,False,False,False,False,True,False,0
Esse cara parece o elfo que cuida do banco do Harry Potter.,1,2,Male,Latin America,pt,False,False,False,True,False,False,True,1
💙🤍🖤,1,2,Male,France,unknown,False,False,False,False,False,True,False,0
All 4 goals are from crosses,2,1,Male,England,ca,False,False,False,False,False,True,False,0
B looks teky,1,1,Male,England,et,False,False,False,False,False,True,False,0
💙🤍,0,1,Male,France,unknown,False,False,False,False,False,True,False,0
lord Bendtner,0,1,Female,England,da,False,False,False,False,False,True,False,0
Zinnen wende 25,1,1,Female,Germany,nl,False,False,False,False,False,True,False,0
"Видимо, Хавертц расцеловал Сака",1,1,Male,England,bg,False,False,False,False,False,True,False,0
Brave ragazze,1,1,Female,Italy,hr,False,False,False,False,False,True,False,0
COYG!!,1,1,Male,England,cy,False,False,False,False,False,True,False,0
اندومبلي جيسوس,1,0,Male,Italy,ur,False,False,False,False,False,True,False,0
W,0,1,Female,England,sw,False,False,False,False,False,True,False,0
Killer kai 😎,2,0,Female,England,fi,False,False,False,False,False,True,False,0
YES FRIDAAAA,0,2,Female,England,tr,False,False,False,False,False,True,False,0
Auguri presidente!😊,0,1,Male,Italy,ro,False,False,False,False,False,True,False,0
ايه ده بس يا عمنا 🤯🤯❤️❤️,0,1,Female,England,fa,False,False,False,False,False,True,False,0
Franchement  rien pls que René girard  ils montera pas en ligue 1,0,1,Male,France,fr,False,False,False,False,False,True,False,0
Asrinal❤🇬🇦🇬🇦,2,1,Male,England,tl,False,False,False,False,False,True,False,0
"Bon anniversaire RK 😂😂😂
Mention spéciale aux RSF 😂😂😂🖕🖕🖕",1,1,Male,France,fr,False,False,False,False,False,True,False,0
Vfl vfl vfl 💚🤍🐺🇩🇰,0,1,Female,Germany,da,False,False,False,False,False,True,False,0
👏👏👏👏👏👏👏👏👏,1,1,Male,England,unknown,False,False,False,False,False,True,False,0
3:39 😂,1,1,Female,England,unknown,False,False,False,False,False,True,False,0
"שלום שלום שלום מלכי דאל דומורני. אנחנו אהבים אותך❤❤❤. 

Shalom shalom shalom Melchie Daelle Dumornay. we love you ❤❤❤",2,1,Female,France,he,False,False,False,False,False,True,False,0
"Dans fc23 elle colle de bons buts comme Mathilde Bourdieu 😁 ! Respect à vous. Trop peu reconnu les filles dans le foot. 

Tout mon soutient. J'espère un jour vous voir jouer ❤",2,1,Female,France,fr,False,False,False,False,False,True,False,0
Mdr 😂😂,1,1,Male,France,cy,False,False,False,False,False,True,False,0
Kai bloodclaart haverts,1,1,Male,England,nl,False,False,True,False,False,False,True,1
Allez Melchie 🇭🇹🇭🇹🇭🇹🇭🇹🇭🇹🇭🇹🇭🇹🇭🇹🇭🇹🇭🇹🇭🇹🇭🇹🇭🇹🇭🇹🇭🇹🇭🇹🇭🇹🇭🇹🇭🇹🇭🇹🇭🇹🇭🇹🇭🇹🇭🇹🇭🇹🇭🇹🇭🇹🇭🇹🇭🇹🇭🇹🇭🇹🇭🇹🇭🇹🇭🇹,2,1,Female,France,unknown,False,False,False,False,False,True,False,0
❤️💙🥹,0,1,Female,France,unknown,False,False,False,False,False,True,False,0
⚪🔵🇮🇹❤️❤️❤️❤️❤️❤️❤️❤️❤️,0,0,Female,Italy,unknown,False,False,False,False,False,True,False,0
Allez l’OL ❤️💙,0,1,Female,France,hu,False,False,False,False,False,True,False,0
😍,0,2,Female,Germany,unknown,False,False,False,False,False,True,False,0
Allez l’OL ❤️💙,2,1,Female,France,fr,False,False,False,False,False,True,False,0
Lyon 🔥🔥🔥,0,1,Female,France,tl,False,False,False,False,False,True,False,0
Allez l’OL ❤️💙,2,0,Female,France,hu,False,False,False,False,False,True,False,0
🔴🔵🦁✨,2,2,Female,France,unknown,False,False,False,False,False,True,False,0
🔴🔵🦁✨,0,1,Female,France,unknown,False,False,False,False,False,True,False,0
Ce format est tres interessant merci OLF :),2,2,Female,France,ca,False,False,False,False,False,True,False,0
❤💋💋💋🇭🇹,2,2,Female,France,unknown,False,False,False,False,False,True,False,0
🇭🇹🇭🇹🇭🇹🇭🇹🇭🇹🇭🇹🇭🇹🇭🇹🇭🇹🇭🇹🌷🌷,2,0,Female,France,unknown,False,False,False,False,False,True,False,0
Aller pfc🟦⬜,0,0,Female,France,da,False,False,False,False,False,True,False,0
Allez l’OL ❤️💙 merci pour l’inside,2,2,Female,France,fr,False,False,False,False,False,True,False,0
❤️💙🥰,2,1,Female,France,unknown,False,False,False,False,False,True,False,0
sut les tirs au but le photographe du paris FC me fait trop rirent,2,2,Female,France,fr,False,False,False,False,False,True,False,0
🇭🇹🇭🇹🇭🇹🇭🇹🇭🇹🇭🇹,2,1,Female,France,unknown,False,False,False,False,False,True,False,0
Objectif: empocher trois points pour revenir à quatre points du leader à six journées de la fin. 💠🟦💠,0,1,Female,France,fr,False,False,False,False,False,True,False,0
❤❤❤❤❤❤❤❤❤❤❤❤,2,1,Female,France,unknown,False,False,False,False,False,True,False,0
Allez l'OL,0,2,Female,France,hu,False,False,False,False,False,True,False,0
Ouahh!!!,2,1,Female,France,id,False,False,False,False,False,True,False,0
Forza azzurre 💙,2,1,Female,Italy,hu,False,False,False,False,False,True,False,0
dommage une fille d'expérience qui quittent le club,2,2,Female,France,fr,False,False,False,False,False,True,False,0
Allez PFC !,1,2,Female,France,hu,False,False,False,False,False,True,False,0
🔴🔵,2,1,Female,France,unknown,False,False,False,False,False,True,False,0
Ballon d'OR !!!!!,0,0,Female,France,ca,False,False,False,False,False,True,False,0
Lyon 🔥🔥🌟🌟🌟,2,1,Female,France,tl,False,False,False,False,False,True,False,0
👏👏👏,0,0,Female,France,unknown,False,False,False,False,False,True,False,0
💙❤️😍,0,0,Female,France,unknown,False,False,False,False,False,True,False,0
Vraiment excellent......Quelques questions: çà se passait où? A quand le prochain tour? Et contre qui? Et encore bravo! Arsenal c'est un très gros morceau....,2,2,Female,France,fr,False,False,False,False,False,True,False,0
VRAIMENT J'y croyait pas elle ont vraiment fait un exploit incroyable trop content pour Julie Dufour elle méritent de jouer dans une équipe comme ça,2,2,Female,France,fr,False,False,False,False,False,True,False,0
Lyon Good job 🔥🔥🔥🔥🔥🔥,2,2,Female,France,so,False,False,False,False,False,True,False,0
Quel kiff ce match!!!! Maintenant il faut aller chercher la qualification 💪💪💪💪,2,2,Female,France,fr,False,False,False,False,False,True,False,0
"Ouverture prioritaire des abonnements : jeudi 19 juin.

Cette phase est uniquement réservée aux abonnés des deux dernières saisons.
Vous avez jusqu’au dimanche 22 juin inclus pour bénéficier de cette priorité.... Nous sommes le 24/06 et il est toujours impossible de s'abonné sur leur site. Avez-vous des infos?",0,0,Female,France,fr,False,False,False,False,False,True,False,0
🎉🎉❤,0,1,Female,France,unknown,False,False,False,False,False,True,False,0
"Célina en EDF, tu as ta place. J'adore et je suis le foot féminin depuis plus de 15ans. Tous les championnats mondiaux m'intéressent.  Ça monte en puissance chez les filles, génial.",0,1,Female,France,fr,False,False,False,False,False,True,False,0
Aller René  pfc en ligue des champions,0,1,Female,France,fr,False,False,False,False,False,True,False,0
🙏🙏🙏🙏🙏🙏🙏🙏❤❤❤❤❤❤❤❤❤,0,1,Female,France,unknown,False,False,False,False,False,True,False,0
Bravo Reims.,2,1,Female,France,lt,False,False,False,False,False,True,False,0
Bravo MADAME,2,1,Female,France,sk,False,False,False,False,False,True,False,0
"Depuis leur poisson d’avril avec Usain Bolt, dès que je vous en suggestion leur vidéo je ne les prends jamais au sérieux",0,1,Female,France,fr,False,False,False,False,False,True,False,0
💔💔💔,2,1,Female,France,unknown,False,False,False,False,False,True,False,0
Bamba 🇨🇮,2,0,Female,France,sw,False,False,False,False,False,True,False,0
Interessant haha💚🤍,0,1,Female,Germany,id,False,False,False,False,False,True,False,0
Bravo Mariiieee!!!,0,1,Female,France,ro,False,False,False,False,False,True,False,0
🔴🔵🦁✨,2,2,Female,France,unknown,False,False,False,False,False,True,False,0
Bonjour depui 🇭🇹🇭🇹🇭🇹 woaw 🎉🎉🎉🎉🎉,0,1,Female,France,pl,False,False,False,False,False,True,False,0
J'espère que OL va rencontrer Chelsea !!!!!!!,0,0,Female,France,ca,False,False,False,False,False,True,False,0
Bravo l'ol ❤❤❤❤❤❤,2,2,Female,France,sk,False,False,False,False,False,True,False,0
Possible retour en équipe de France ??,2,1,Female,France,fr,False,False,False,False,False,True,False,0
👌👌👌👌,1,1,Female,France,unknown,False,False,False,False,False,True,False,0
Good job 🔥🔥🔥🔥🔥 Lyon,0,1,Female,France,so,False,False,False,False,False,True,False,0
Good job Lyon,0,0,Female,France,so,False,False,False,False,False,True,False,0
Allez l’OL ❤️💙,0,0,Female,France,hu,False,False,False,False,False,True,False,0
We love you :),2,0,Female,France,cs,False,False,False,False,False,True,False,0
Allez OL 🇭🇹🇭🇹🇭🇹,2,2,Female,France,hu,False,False,False,False,False,True,False,0
Luv ya Wendy 💪,0,1,Female,France,sw,False,False,False,False,False,True,False,0
👌,1,0,Female,France,unknown,False,False,False,False,False,True,False,0
Bien Name o klm rek. DIEU EST AU CONTROLE. MA SHA ALLAH,0,0,Female,France,af,False,False,False,False,False,True,False,0
a la fin il vient carrément sur le terrain,2,1,Female,France,fr,False,False,False,False,False,True,False,0
🔴🔵🦁✨👏🫡,2,1,Female,France,unknown,False,False,False,False,False,True,False,0
"Aller ! On peut le faire ! Si on gagne demain contre Martigues, on est en ligue 1. 💙 Paris FC 💙",2,2,Female,France,fr,False,False,False,False,False,True,False,0
👏👏👏,2,1,Female,France,unknown,False,False,False,False,False,True,False,0
Forza Azzurre 💖,1,1,Female,Italy,hu,False,False,False,False,False,True,False,0
La sortie d'Eugénie aurait méritée d'être dans le résumé...,2,1,Female,France,fr,False,False,False,False,False,True,False,0
Παναγία μου ΤΙ ΜΟΥΝΙ ΕΙΝΑΙ ΑΥΤΟΟΟΟ!!!!!!!!!!,2,0,Female,Italy,el,True,False,True,False,False,False,True,2
Je suis morte elles sont pommé à la fin 🤣🤣🤣,1,1,Female,France,fr,False,False,False,False,False,True,False,0
"Liebe Merle, 

ich freue mich zwar, dass du hier wieder mit so viel Elan bei der Sache bist, 
aber so möchte ich dich am liebsten nicht nur beim VfL in Aktion sehen, 
sondern auch im Trikot der Nationalelf.

Natürlich, wir Fans können nicht immer alle Hintergründe kennen.
Wir wissen nicht, was Horst Hrubesch zu dir gesagt hat. Oder Michael Fuchs. Oder Christian Wück. Oder wer auch immer.
Wir wissen auch nicht, wie du selber deine Leistungen der vergangenen Monate betrachtet hast, 
oder wie sehr dir die Situation  im Olympia-Kader zu schaffen gemacht hat.

Aber ein paar Sachen möchte ich dir gerne sagen:

Ich und auch viele andere Fans, wir fanden deine Leistungen besser, als sie von manchen Leuten dargestellt worden sind.
Und Fehler gehören immer dazu, bei jedem einzelnen Torhüter auf der Welt.
Auch Leistungsschwankungen sind im Spitzensport ganz normal.
Niemand kann jeden Tag in Bestform sein.

Du bist Deutschlands beste Torhüterin, und ich denke, dass das auf absehbare Zeit so bleiben wird.
Auch wenn Anne für ihre gehaltenen Elfmeter mit dem Nobelpreis geehrt wird, den großen UEFA-Verdienstorden am Bande erhält, den Bravo-Otto in Gold überreicht bekommt und in den britischen Adelsstand erhoben wird - 
die besten Fähigkeiten unter Deutschlands  Torhüterinnen besitzt - von der Formkurve der kommenden Monate mal abgesehen - nach wie vor du.

In einem Konkurrenzkampf um die Nr. 1 im deutschen Tor hast du alle Trümpfe in der Hand, und ich bin überzeugt, dass es nur eine Frage der Zeit ist, bis du deinen Stammplatz wieder erkämpft haben wirst - wenn du nur willst.

Du hast viele gute Freundinnen im Nationalteam, die dich sehr mögen, denen du wichtig bist und die sehr gerne mit dir zusammen den Weg weitergehen würden. Du hättest alle Möglichkeiten, dich in diesem Kader wohl zu fühlen.
You'll never walk alone, heißt es doch immer.

Und dann sind da noch wir Fans.
Du weißt ja, dass du bei uns außerordentlich beliebt bist, schon seit geraumer Zeit.
In den kommenden Jahren warten tolle Länderspiel-Turniere, in der Schweiz, in Brasilien und in Kalifornien.

Anne wird vermutlich nicht mehr lange spielen, ihr Engagement in New York ist wohl ihr letzter großer Vertrag.
Stina, Ena und Mala sind noch nicht so weit. 
Im DFB-Trainerstab wissen sie, dass sie im Endeffekt auf dich setzen müssen, Merle.
Es spricht doch so vieles dafür, weiterhin für Deutschland zu spielen.

Willst du es dir nicht nochmal überlegen?
Du wärest nicht die erste Spitzensportlerin, die ein Comeback wagt. 

Deutschland braucht dich.

So. Morgen bist du erstmal im Stadion auf dem Wurfplatz in Berlin.
Ich auch. Bis dann!

Alles Gute
Nilas",0,2,Female,Germany,de,False,False,False,False,False,True,False,0
Je te revois encore nous mettre la misère sur le stade a Brienne 😅,2,1,Female,France,fr,False,False,False,False,False,True,False,0
I am a Vietnamese and i like Woflsburg,0,2,Female,Germany,no,False,False,False,False,False,True,False,0
🔵⚪🔵⚪🔵⚪💪🔥🔥,1,1,Male,France,unknown,False,False,False,False,False,True,False,0
🐺🌙,0,1,Male,Germany,unknown,False,False,False,False,False,True,False,0
Alles in allem war es schon etwas unglücklich 💚🤍,0,2,Male,Germany,de,False,False,False,False,False,True,False,0
Einfach schön und traurig das zu sehen💚🤍,0,2,Male,Germany,de,False,False,False,False,False,True,False,0
Bravo 👏👏👏 tj s OL Lyon et merçi tjr a melchie Daellee Dumoney 🌪️🌨️🇭🇹🇭🇹🇭🇹🇭🇹📖📖📖 nous taimons beacoup melchie 👑👑👑👑🙏,0,2,Female,France,nl,False,False,False,False,False,True,False,0
Il faut la victoire à Martigues pour disputer le dernier match l'esprit libéré à Charléty et pouvoir faire la fête.,2,2,Female,France,fr,False,False,False,False,False,True,False,0
Bienvenue à Paris. J'espère que vous y serez heureuse,0,1,Female,France,fr,False,False,False,False,False,True,False,0
"C'est dur de ne pas s'enflammer, heureusement que l'entraîneur a bien la tête sur les épaules. 
Allez le PFC !",1,2,Female,France,fr,False,False,False,False,False,True,False,0
Un résumé de l OL. Beau et désespérant.,1,2,Male,France,fr,False,False,False,False,False,True,False,0
Alman Ziel,0,2,Female,Germany,tr,False,False,False,False,False,True,False,0
Chouette apparition d'une ancienne pas si ancienne !,0,1,Female,France,fr,False,False,False,False,False,True,False,0
🔥👏👏,0,1,Female,Germany,unknown,False,False,False,False,False,True,False,0
☝🏻🇹🇷🐺🫡,0,1,Female,Germany,unknown,False,False,False,False,False,True,False,0
Trotzdem mal wieder Mentalität gezeigt!💚🤍,0,2,Male,Germany,de,False,False,False,False,False,True,False,0
Stark haha💚🤍,0,1,Male,Germany,id,False,False,False,False,False,True,False,0
"Fonseca n'a rien à envier à Sage sur ce qu'on lui reprochait en étant un pisse froid dans les grands matchs. Textor l'aurait viré de suite après ce match ça ne m'aurait pas dérangé, c'est une faute professionnelle impardonnable pour moi qui montre que Fonseca n'est pas un grand entraineur mais un entraineur de niveau moyen.",0,1,Male,France,fr,False,False,False,False,False,True,False,0
Merci Perri,0,2,Male,France,ca,False,False,False,False,False,True,False,0
Wirklich geiles Team 💚🤍,0,2,Male,Germany,de,False,False,False,False,False,True,False,0
"Paris FC faite nous gouter à la ligue 1 lannée pro, tous les ans c'est les baragges sans y parvenir",1,1,Male,France,fr,False,False,False,False,False,True,False,0
"Sehr stark!
Und der Laufstil von unserem 9er Alex erinnert ein bisschen an Haaland ;)",0,2,Male,Germany,de,False,False,False,False,False,True,False,0
Grand match de notre Monsieur DICKO préféré.,1,2,Male,France,fr,False,False,False,False,False,True,False,0
Ich finde sie klasse 🐺💚😱,0,1,Male,Germany,de,False,False,False,False,False,True,False,0
En fait on se serait bien passé de t'entendre tellement cette défaite elle est à cause de toi,0,1,Male,France,fr,False,False,False,False,False,True,False,0
🐺🌙,0,2,Female,Germany,unknown,False,False,False,False,False,True,False,0
"Road to ligue 1! Et on reste à Charlety, c'est Notre stade!!!",0,1,Male,France,fr,False,False,False,False,False,True,False,0
Excellente recrue pour le PFC. Bienvenue à elle,1,1,Female,France,fr,False,False,False,False,False,True,False,0
Hoffe auf einen gesunden Konkurrenzkampf im Kasten💚🤍,0,1,Male,Germany,de,False,False,False,False,False,True,False,0
Bei der Stelle mit dem Oreo ist die Sympathie verloren gegangen und dann noch Toffee auf die eins das kann ich nicht verstehen aber ich muss es akzeptieren 😂,1,1,Female,Germany,de,False,False,False,False,False,True,False,0
Arbeitsverweigerung,0,1,Male,Germany,de,False,False,False,False,False,True,False,0
Kovac Nr.1 ....Der perfekte Mann für WOB❤,1,2,Male,Germany,de,False,False,False,False,False,True,False,0
Immer Wolfsburger 💚🤍,0,1,Male,Germany,de,False,False,False,False,False,True,False,0
awosome 🔥🔥🔥,0,2,Female,Germany,af,False,False,False,False,False,True,False,0
On vous a bz🤫🤣💙🤍,2,1,Male,France,cs,False,False,False,False,False,True,False,0
Faite pas les idiot 😑,0,0,Male,France,fr,False,False,False,False,False,True,False,0
Super PERRI,0,2,Male,France,id,False,False,False,False,False,True,False,0
So ein chilliger Typ💚🤍,0,1,Male,Germany,de,False,False,False,False,False,True,False,0
😊,1,1,Male,France,unknown,False,False,False,False,False,True,False,0
vous n'avez vraiment a rougir de votre élimination car vous avez tout donner jusqu'à la fin merci a vous bravos a tous,0,2,Male,France,fr,False,False,False,False,False,True,False,0
ciao l'Europe,0,2,Male,France,ca,False,False,False,False,False,True,False,0
Wir werden dich hier echt vermissen 😢,0,2,Male,Germany,de,False,False,False,False,False,True,False,0
Bravo ! 😀,2,2,Female,France,sk,False,False,False,False,False,True,False,0
"Herzlichen Glückwunsch 20 Jahre 💚
Geile Aktion von Arnold 🔥",1,2,Female,Germany,de,False,False,False,False,False,True,False,0
"So wichtig dass man Zesi und Jenz im Winter verliehen hat, zahlt sich super aus!!",0,1,Male,Germany,de,False,False,False,False,False,True,False,0
Auf geht's Männer! 💚🤍,0,1,Male,Germany,de,False,False,False,False,False,True,False,0
Endlich wieder Heimspiel 💚🤍,0,1,Female,Germany,de,False,False,False,False,False,False,False,0
🐺💚🤍💚,0,2,Female,Germany,unknown,False,False,False,False,False,True,False,0
"Vivi, mein Girl❤",1,1,Female,Germany,de,False,False,False,False,False,True,False,0
Il va falloir travailler dur 😶 Déçu 😞  mais il ne faut rien lâcher pour repartir plus fort 💪🏽,2,2,Male,France,fr,False,False,False,False,False,True,False,0
Haben die marode Hasenhüttl abgerissen! 💚,0,1,Male,Germany,de,False,False,False,False,False,True,False,0
🇹🇷❤️🐺,1,2,Male,Germany,unknown,False,False,False,False,False,True,False,0
Pourvu qu’il reste encore cette saison,0,2,Male,France,fr,False,False,False,False,False,True,False,0
Kevin Behrens bester Mann,0,1,Male,Germany,de,False,False,False,False,False,True,False,0
On espère avoir beaucoup de monde dans les tribunes pour (peut-être) le dernier match à domicile vendredi soir. L'ambiance en tribunes va être énorme !,1,2,Female,France,fr,False,False,False,False,False,True,False,0
💙🤍❤️,1,2,Female,Germany,unknown,False,False,False,False,False,True,False,0
Auch mal die Teams verwechseln  bei 4:00,0,1,Male,Germany,de,False,False,False,False,False,True,False,0
Einmal Wolfsburg immer Wolfsburg 💚🤍,0,1,Female,Germany,de,False,False,False,False,False,True,False,0
"Zu hause dieses Jahr noch ungeschlagen hört sich wie eine Heimmacht an, die Wahrheit ist aber das wir erst ein Spiel gewonnen haben🙃🙃",0,1,Male,Germany,de,False,False,False,False,False,True,False,0
Holt euch den Pokal 🏆 🐺💚 freu mich megaaa  im Stadion dabei zu sein 😍💚,1,2,Male,Germany,de,False,False,False,False,False,True,False,0
Auf geht’s Wolfsburg kämpfen und Siegen!💚🤍,0,1,Male,Germany,de,False,False,False,False,False,True,False,0
Die gute Spielform mitnehmen und die drei Punkte nach Wolfsburg bringen!💚🤍,0,2,Male,Germany,de,False,False,False,False,False,True,False,0
🇹🇷❤️🐺🌙,0,1,Male,Germany,unknown,False,False,False,False,False,True,False,0
Poppi❤❤❤❤,2,2,Male,Germany,fi,False,False,False,False,False,True,False,0
good vibes💚🤍,0,2,Female,Germany,af,False,False,False,False,False,True,False,0
Geil. Ich mag dieses Format… grandios.,0,1,Female,Germany,af,False,False,False,False,False,True,False,0
"Marius Müller so ein unfassbar sympathischer Mensch, hoffe er bekommt nochmal seine Chance auch wenn Kamil fit ist",0,1,Female,Germany,de,False,False,False,False,False,True,False,0
🤍💚✅,0,1,Female,Germany,unknown,False,False,False,False,False,True,False,0
La ligue 1 va être dur je pense.....,0,1,Female,France,fr,False,False,False,False,False,True,False,0
💛💖💛💚 💛💛💖💛💚❤️💛💛🤍💛,0,1,Female,Germany,unknown,False,False,False,False,False,True,False,0
Bienvenue au Paris FC 👍,0,1,Female,France,fr,False,False,False,False,False,True,False,0
kadi ❤❤,0,1,Female,France,so,False,False,False,False,False,True,False,0
Auf ein erfolgreiches Wochenende! 💚🤍,0,1,Female,Germany,de,False,False,False,False,False,True,False,0
Willkommen in Wolfsburg 💚🤍🐺,0,1,Male,Germany,de,False,False,False,False,False,True,False,0
☝🏻🇹🇷🐺🫡,0,1,Female,Germany,unknown,False,False,False,False,False,True,False,0
"Hola, Ari!",0,1,Male,Germany,tr,False,False,False,False,False,True,False,0
Il y’a eu un bug à la fin ?,1,1,Male,France,fr,False,False,False,False,False,True,False,0
🔵paris fc,0,0,Male,France,fr,False,False,False,False,False,True,False,0
Hoffentlich bleibt er,0,2,Female,Germany,de,False,False,False,False,False,True,False,0
Le derby francilien commencera bientôt la saison prochaine.,2,1,Female,France,fr,False,False,False,False,False,True,False,0
"❤💕❤ rien d'autre à dire. Bonne continuation, sois heureuse et profites.",2,1,Female,France,fr,False,False,False,False,False,True,False,0
"Bravo au PFC qui après une très belle saison en LDC l'année dernière continue à progresser encore cette année avec une coupe de France à la clé. Quant à Célina ça fait un bon moment qu'elle mérite sa place chez les Bleues : contrôle du ballon, intelligence du jeu, investissement, qualité des passes : tout y est.",0,1,Female,France,fr,False,False,False,False,False,True,False,0
Y’avait tout simplement pas à faire tourner l’effectif. Tu gagnes ce match tu te retrouves 3ème donc autant mettre toutes les chances de ton côté,0,2,Male,France,fr,False,False,False,False,False,True,False,0
"le PSG avec les yeux sur la CL n'est-il pas en train de fausser le championnat ? défaite contre Nice et Strasbourg, 2 prétendants au top 4 🤠",0,1,Male,France,fr,False,False,False,False,False,True,False,0
"Sehr gutes Spiel, hat Spaß gemacht zu zusehen. Gerne wieder! Svenni - 100mal für die Wölfinnen!!🎉",0,2,Male,Germany,de,False,False,False,False,False,True,False,0
Je change de club préféré je prend PFC,1,1,Female,France,fr,False,False,False,False,False,True,False,0
Vous pensez ils ont refait le gâteau plein de fois ou c’est le même à chaque fois ou ils ont reallumer les bougies ?,0,1,Male,France,fr,False,False,False,False,False,True,False,0
Joueur à la super mentalité. J'avoue que j'ai un peu douté en voyant ses premières titularisations mais il est clairement monté en puissance depuis. Allez Paris !,0,2,Female,France,fr,False,False,False,False,False,True,False,0
🔵⚪,1,1,Male,France,unknown,False,False,False,False,False,True,False,0
"Go PFC ! il faut capitaliser sur les deux derniers matchs, il y a de l'envie, et il nous faut cela ! Objectif League 1 ne pas oublier !!!!!",0,1,Male,France,fr,False,False,False,False,False,True,False,0
L ol !❤❤❤❤❤❤❤,0,2,Male,France,unknown,False,False,False,False,False,True,False,0
Junge ey. Wer schneidet diese Videos?,1,2,Male,Germany,de,False,False,False,False,False,True,False,0
Traum wäre wenn er nochmal für eine oder zwei Saisons bei uns Spielt🎉,0,2,Male,Germany,de,False,False,False,False,False,True,False,0
Weiter so Männer!🐺,0,1,Male,Germany,de,False,False,False,False,False,True,False,0
,1,1,Male,France,unknown,False,False,False,False,False,True,False,0
Das schlechteste Spiel vom VFL seit Jahren… Dauerkarte seit 1997…,1,2,Male,Germany,de,False,False,False,False,False,True,False,0
"First, allez les gars, la saisons prochaine, objectif ligue 1!",2,1,Male,France,fr,False,False,False,False,False,True,False,0
Bitte mehr davon,0,1,Female,Germany,de,False,False,False,False,False,True,False,0
😊💚🐺,0,2,Female,Germany,unknown,False,False,False,False,False,True,False,0
nur der vfl,0,1,Female,Germany,de,False,False,False,False,False,True,False,0
Bien dit name ! T'es le meilleur 🔵,0,1,Female,France,fr,False,False,False,False,False,True,False,0
Hoffentlich kommt Dzeko wieder😢,0,2,Male,Germany,de,False,False,False,False,False,True,False,0
"C'est ça que j'adore chez René Girard, on est leader avec 7 pts d'avance mais malgré ça il calme tout le monde comme si qu'on était en milieu de tableau pour pas que les joueurs s'enflamment. Et c'est cette attitude qui nous permet de prolonger cette belle série contrairement à certains qui auraient déjà chuter",1,0,Female,France,fr,False,False,False,False,False,True,False,0
Geile Einblicke!💚🤍,0,2,Female,Germany,de,False,False,False,False,False,True,False,0
On sera à Charlety ! 🫡,0,0,Female,France,fr,False,False,False,False,False,True,False,0
Youngstar Duo 💚🤍,0,1,Male,Germany,id,False,False,False,False,False,True,False,0
Toute confiance dans le Paris FC ! 😀❤👌👌👌,0,1,Male,France,fr,False,False,False,False,False,True,False,0
Maschinen 🐺🐺,0,1,Female,Germany,de,False,False,False,False,False,True,False,0
Einmal Wolfsburg immer Wolfsburg!!! 💚🤍,0,2,Female,Germany,de,False,False,False,False,False,True,False,0
😍💚🤍,0,2,Female,Germany,unknown,False,False,False,False,False,True,False,0
"Exceptionnel !
Un exploit historique de sortir l'une des meilleurs équipes du monde",2,2,Female,France,fr,False,False,False,False,False,True,False,0
sympa le 2e club parisien 😍,1,0,Female,France,fr,False,False,False,False,False,True,False,0
Nowak im herzen😢😢😢😢❤❤❤❤,0,2,Male,Germany,pl,False,False,False,False,False,True,False,0
"La coach a des petits yeux. A l'air fatiguée, il lui faut des vacances et un café en urgence la",0,0,Male,France,fr,False,False,False,False,False,True,False,0
Jule i ❤ u,0,1,Female,Germany,ca,False,False,False,False,False,True,False,0
Alles Gute,0,1,Male,Germany,fr,False,False,False,False,False,True,False,0
VfL Dauerkarte wird abgegeben! Einfach nur noch Peinlich.. da muss endlich mal was passieren! Nicht nur Trainer entlassen und neue Spieler ausleihen! Wacht endlich auf sonst könnt Ihr das Stadion abbauen weil keiner mehr Dauerkarten kauft!!!!,0,1,Male,Germany,de,False,False,False,False,False,True,False,0
🐺,0,2,Female,Germany,unknown,False,False,False,False,False,True,False,0
😪😪😪😪😪😪😪😪😪💚🤍🐺💚🤍🐺💚🤍🐺💚🤍🐺,0,1,Male,Germany,unknown,False,False,False,False,False,True,False,0
Sehr schöne Sache vom Verein💚🤍,0,2,Female,Germany,de,False,False,False,False,False,True,False,0
Banza sbc bei Vfl,0,1,Male,Germany,de,False,False,False,False,False,True,False,0
On joue toujours une mi temps!,0,2,Male,France,fr,False,False,False,False,False,True,False,0
🐺,0,2,Female,Germany,unknown,False,False,False,False,False,True,False,0
Le front Zeubi elle a mangé le synthétique,1,1,Female,France,fr,False,False,False,True,True,False,True,2
💚🤍💪🏻,0,1,Male,Germany,unknown,False,False,False,False,False,True,False,0
Kampf und Herz gezeigt 💚🤍 endlich auch mal verdient belohnt,1,2,Male,Germany,de,False,False,False,False,False,True,False,0
Verstehe nicht warum sie keine stammspielerin ist... naja sowieso im falschen Verein... sie ist überall besser aufgehoben als in dieser grünen hölle... hoffe dass sie auch gehen wird... Oberdorf hat ja schon gott sei dank das einzig richtige getan...,2,2,Male,Germany,de,False,False,False,False,False,True,False,0
Auf geht’s Wolfsburg kämpfen und siegen!💚🤍,0,2,Male,Germany,de,False,False,False,False,False,True,False,0
3.1 Wolfsburg,0,2,Male,Germany,de,False,False,False,False,False,True,False,0
Sooo geil 😂,0,1,Male,Germany,so,False,False,False,False,False,True,False,0
Unsere  Nummer 10 der Herzen ❤️ Krzysztof Nowak ❤❤,0,2,Male,Germany,de,False,False,False,False,False,True,False,0
"κουλιερακη ζουμε,στα ασπρομαυρα κ στην παοκαρα μας να σε ξαναδουμε",2,2,Male,Germany,el,False,False,False,False,False,True,False,0
عشق تمام آرسنالی های دنیا❤,0,2,Male,England,fa,False,False,False,False,False,True,False,0
Minjae ❤,0,2,Male,Germany,hr,False,False,False,False,False,True,False,0
„Wir sind in Wolfsburg“.. und sich dann über schlechte Stimmung ihm gegenüber wundern. 👍🏻,0,2,Male,Germany,de,False,False,False,False,False,True,False,0
Arbeit Fußball Leidenschaft!💚🤍,1,2,Male,Germany,de,False,False,False,False,False,True,False,0
Ten Hag light,0,0,Male,Germany,da,False,False,False,False,False,True,False,0
Reidriguinho nada menos que isto.,0,2,Male,Latin America,pt,False,False,False,False,False,True,False,0
Bitte verkauft tel nicht🙏,0,2,Male,Germany,de,False,False,False,False,False,True,False,0
Super Video mit den zwei Manu Serge♥️🤍,0,2,Male,Germany,de,False,False,False,False,False,True,False,0
good win boys,0,2,Male,England,so,False,False,False,False,False,True,False,0
Guter Typ erstmal 🐺,0,1,Male,Germany,no,False,False,False,False,False,True,False,0
Wolfsburg gewinnen,1,2,Male,Germany,af,False,False,False,False,False,True,False,0
Kovac wird entlassen,2,2,Male,Germany,de,False,False,False,False,False,True,False,0
"Für mich ist die schönste Auswärtsfahrt bei euch gewesen. Vermutlich auch, wegen Auswärtssieg für meine SGE",0,0,Male,Germany,de,False,False,False,False,False,True,False,0
Obi aufzuhalten ist nicht so einfach,1,2,Male,Germany,de,False,False,False,False,False,True,False,0
Der Lappen hat nie für uns gespielt und hat sich verpisst. Und dafür bekommt er ein Video? Was für Leute sitzen eigentlich in  der Social Media Abteilung?,0,0,Male,Germany,de,False,False,True,False,False,False,True,1
축하해♥,0,1,Male,Germany,ko,False,False,False,False,False,True,False,0
"Nul , nul ptdrrr",0,0,Male,France,ro,False,False,False,False,False,True,False,0
토트넘 축하해🎉  쏘니 ㅠㅠㅠㅠㅠ,2,2,Male,England,ko,False,False,False,False,False,True,False,0
❤️ olise,2,2,Male,Germany,et,False,False,False,False,False,True,False,0
We are winning another European title GGMU,0,2,Male,England,en,False,False,False,False,False,True,False,0
Traigan a javairo ❤❤❤,0,2,Male,Latin America,lt,False,False,False,False,False,True,False,0
เอราวัณ เอราวัณ เอราวัณ ..,1,0,Male,France,th,False,False,False,False,False,True,False,0
"Wenn unser Jamal nicht wäre. Aber wieder sehr gute Verteidigung. Aber heute auch wie gegen Benfica, die Offensive lässt noch sehr viele Wünsche übrig. Ich hoffe nur, dass dem Sane & Co. klar ist, dass man gegen die Schwergewichte in der CL die Chancen reinmachen muss, um zu gewinnen.",0,2,Male,Germany,de,False,False,False,False,False,True,False,0
big up danny aarons,0,2,Male,England,tl,False,False,False,False,False,True,False,0
Vinny und Max top gerne langfristig,0,1,Male,Germany,no,False,False,False,False,False,True,False,0
Always with OL from DK 🇩🇰🇫🇷,0,2,Male,France,en,False,False,False,False,False,True,False,0
قلوووري قلوووري مان يونايتد ❤🤍,0,2,Male,England,ar,False,False,False,False,False,True,False,0
5 -4,0,2,Male,France,unknown,False,False,False,False,False,True,False,0
Vamos Bomba 💣🦅❤️💙💛,0,2,Male,Latin America,lt,False,False,False,False,False,True,False,0
4:1😂😂😂😂😂,0,2,Male,Germany,unknown,False,False,False,False,False,True,False,0
Muller2026,1,1,Male,Germany,no,False,False,False,False,False,True,False,0
Dahm were getting trailers for matches now Sheesh COYS,0,2,Male,England,en,False,False,False,False,False,True,False,0
이거 보고 변비 나았다,1,2,Male,England,ko,False,False,False,False,False,True,False,0
Q guapo,0,2,Male,Latin America,tl,False,False,False,False,False,True,False,0
"Jamais vécu une ambiance pareil à Gerland, la folie.",0,2,Male,France,fr,False,False,False,False,False,True,False,0
"Suuuper nervig eure Werbung im Hintergrund. Dafür solltet ihr euch schämen, das reicht langsam!",0,2,Male,Germany,de,False,False,False,False,False,True,False,0
Herzliches Willkommen! Mia San Mia! ❤🤍,0,2,Male,Germany,de,False,False,False,False,False,True,False,0
❤💙,0,0,Male,France,unknown,False,False,False,False,False,True,False,0
Le Rayan Harki 😊,1,0,Male,France,id,False,False,False,False,False,True,False,0
fc bayern munchen ❤️❤️❤️❤️❤️❤️❤️❤️❤️❤️⚽⚽⚽⚽⚽⚽⚽⚽⚽⚽🥇🥇🥇🥇🥇🥇🥇🥇🥇🥇🇩🇪🇩🇪🇩🇪🇩🇪🇩🇪🇩🇪🇩🇪🇩🇪🇩🇪🇩🇪🎉🎉🎉🎉🎉🎉🎉🎉🎉🎉,0,0,Male,Germany,unknown,False,False,False,False,False,True,False,0
on t’aime Mata ❤️💙,0,2,Male,France,fi,False,False,False,False,False,True,False,0
👏👏👏👏👏👏👏,0,2,Male,England,unknown,False,False,False,False,False,True,False,0
The goat 🐐🐐🐐🐐🐐🧠🧠🧠🧠🧠🧠🧠🔝🔝🔝🔝🔝🇩🇪🇩🇪🇩🇪🇩🇪🇩🇪🇩🇪KIMMICH,0,2,Male,Germany,unknown,False,False,False,False,False,True,False,0
Sonny🤍💙,2,2,Male,England,fi,False,False,False,False,False,True,False,0
"ソニー、最高のキャプテン。
本当にスパーズを長年支えてくれてありがとう。スパーズと一緒に彼が報われて嬉しい。",2,2,Male,England,ja,False,False,False,False,False,True,False,0
"Solanke is my favourite player in Tottenham Hotspur now, I'm glad that we got him. 😎 Awesome",0,2,Male,England,en,False,False,False,False,False,True,False,0
Pure magic ✨,0,2,Male,England,ro,False,False,False,False,False,True,False,0
Kevin,0,2,Male,Latin America,fi,False,False,False,False,False,True,False,0
"감독님   수고 하셨습니다  .,.,축하 드립니다!❤",0,2,Male,England,ko,False,False,False,False,False,True,False,0
Шахтар ❤,2,1,Male,Germany,uk,False,False,False,False,False,True,False,0
Bester Verein 💝Gruss aus Zürich 🇨🇭,0,2,Male,Germany,de,False,False,False,False,False,True,False,0
Mikautadze!!!,1,2,Male,France,lv,False,False,False,False,False,True,False,0
"Wenn Kane mal nicht funktioniert, braucht es neue Ideen und mehr Bewegung vorne. Bitte ändern. Sonst wird es morgen schwer.",0,2,Male,Germany,de,False,False,False,False,False,True,False,0
Daniel spricht sehr gut deutsch. Bravo weiter so. ❤,0,2,Male,Germany,de,False,False,False,False,False,True,False,0
❤Mia San XMAS,0,1,Male,Germany,id,False,False,False,False,False,True,False,0
Mia San mia 🎉❤❤,0,2,Male,Germany,id,False,False,False,False,False,True,False,0
🔥🔥🔥,0,2,Male,England,unknown,False,False,False,False,False,True,False,0
Stunning Striker ❤️,0,2,Male,Germany,no,False,False,False,False,False,True,False,0
제발 한번만 해보자!!!!!,0,2,Male,England,ko,False,False,False,False,False,True,False,0
muller at last😂😂,0,2,Male,Germany,da,False,False,False,False,False,True,False,0
Té amo mucho 😊,0,2,Male,Germany,cs,False,False,False,False,False,True,False,0
Saya memang tidak terlalu bisa bahasa Jerman namun saya tetap menonton video ini. Semoga Bayern Munich menang atas Union Berlin dan juga memenangkan Bundesliga.,0,2,Male,Germany,id,False,False,False,False,False,True,False,0
Sonny❤,0,2,Male,England,fi,False,False,False,False,False,True,False,0
ㅎㅎㅎㅎㅎㅎㅎ😂,0,2,Male,England,unknown,False,False,False,False,False,True,False,0
Goatkeeper❤,0,2,Male,Germany,nl,False,False,False,False,False,True,False,0
🎉🎉🎉🎉🎉🎉🎉❤🎉🎉🎉🎉🎉🎉🎉,0,2,Male,England,unknown,False,False,False,False,False,True,False,0
Ja Mia~San~Mia ❤🤍,0,2,Male,Germany,sw,False,False,False,False,False,True,False,0
Légende Lacazette ❤️💙,1,2,Male,France,hu,False,False,False,False,False,True,False,0
ㅋㅋ,1,2,Male,England,unknown,False,False,False,False,False,True,False,0
Primero,0,2,Male,Latin America,sq,False,False,False,False,False,True,False,0
Forza SGE❤️,0,2,Male,Germany,pl,False,False,False,False,False,True,False,0
"Der Typ lebt seit 6 Jahren in Deutschland und ist gerade mal 24, aber kann keine einzige Frage auf Deutsch beantworten…",0,2,Male,Germany,de,False,True,False,False,False,False,True,1
He kept his promise,1,2,Male,England,et,False,False,False,False,False,True,False,0
Sonny!!!❤❤❤🎉🎉🎉,1,2,Male,England,cy,False,False,False,False,False,True,False,0
HARKI,1,2,Male,France,vi,False,True,False,False,False,False,True,1
kakkaka f Vasco mesmo o Juiz roubado á gente ganha rs.,0,1,Male,Latin America,pt,False,False,False,False,False,True,False,0
King Kai 🎯🔥,2,2,Female,England,id,False,False,False,False,False,True,False,0
Sell havertz,0,1,Male,England,no,False,False,False,False,False,True,False,0
👉😤👈🦅🖤🏳️,0,1,Male,Latin America,unknown,False,False,False,False,False,True,False,0
"Memphis ouvindo suas próprias músicas, pq não entende nada das nossas 😂😂😂",2,0,Male,Latin America,pt,False,False,False,False,False,True,False,0
Чемпионы.. Однозначно,2,1,Female,England,ru,False,False,False,False,False,True,False,0
Vaaaiii Corinthianssss,2,1,Male,Latin America,fi,False,False,False,False,False,True,False,0
Class girls 👋,0,1,Female,England,ca,False,False,False,False,False,True,False,0
Kiwior MOTM 👏,2,1,Male,England,sw,False,False,False,False,False,True,False,0
Brentford,1,1,Male,England,no,False,False,False,False,False,True,False,0
Coisa linda,2,1,Male,Latin America,tl,False,False,False,False,False,True,False,0
Mais videos assim,2,0,Male,Latin America,et,False,False,False,False,False,True,False,0
Oloko 🦅,2,1,Female,Latin America,sl,False,False,False,False,False,True,False,0
Memphis tem muito visão de jogo e inteligente taticamente.,2,2,Female,Latin America,pt,False,False,False,False,False,True,False,0
🦅🖤🤍🦅,2,1,Male,Latin America,unknown,False,False,False,False,False,True,False,0
Vamosssss,0,0,Male,Latin America,fi,False,False,False,False,False,True,False,0
Vamo meu lateral 💪🏻,0,2,Male,Latin America,ca,False,False,False,False,False,True,False,0
Cinemaaa,2,0,Female,Latin America,et,False,False,False,False,False,True,False,0
🙌,0,2,Female,England,unknown,False,False,False,False,False,True,False,0
"Se o Corinthians fosse um time sério e querer brigar por títulos, esses dois não era nem pra está no clube.",0,2,Male,Latin America,pt,False,False,False,False,False,True,False,0
Pra cima Dorival jr🦅,0,0,Male,Latin America,hr,False,False,False,False,False,True,False,0
1syde 🐊,0,1,Male,England,da,False,False,False,False,False,True,False,0
Vai me curinga quebra tudo,0,1,Male,Latin America,ca,False,False,False,False,False,True,False,0
"Ray surtandoo kkkkkkkkkkkkkkkk 
Noah mereceu mt❤",0,1,Male,Latin America,fi,False,False,False,False,False,True,False,0
Top demais🎉🎉🎉,0,2,Female,Latin America,pt,False,False,False,False,False,True,False,0
"Se tiver alguém que faça a bola chegar no Memphis, ela fará muitos gols.",0,1,Male,Latin America,pt,False,False,False,False,False,True,False,0
Chupaaa ney no santosss,0,2,Male,Latin America,tl,False,False,True,False,False,False,True,1
Babygood🤞🤞,0,1,Male,England,so,False,False,False,False,False,True,False,0
💔💔💔💔💔,2,0,Male,England,unknown,False,False,False,False,False,True,False,0
Dancin Queen..Abba❤,2,1,Female,England,nl,False,False,False,False,False,True,False,0
💪💪💪,2,1,Female,England,unknown,False,False,False,False,False,True,False,0
Big up your status!!!!,1,1,Male,England,id,False,False,False,False,False,True,False,0
CORINTHIANS 4 X 2 DVD,2,1,Male,Latin America,so,False,False,False,False,False,False,False,0
Blackstenius missed reminds me about king Kai,0,0,Female,England,et,False,False,False,False,False,True,False,0
🇩🇿💚💚💚💚,0,1,Female,Germany,unknown,False,False,False,False,False,True,False,0
Felix X Palmer 🥶,2,1,Female,England,ca,False,False,False,False,False,True,False,0
ENZO GOAL 👍,0,1,Male,England,ca,False,False,False,False,False,True,False,0
💙💙💙💙💙,0,1,Male,England,unknown,False,False,False,False,False,True,False,0
"Good job guys. Love u guys, ALWAYS",2,2,Female,England,hr,False,False,False,False,False,True,False,0
Up da Chels,2,0,Female,England,ca,False,False,False,False,False,True,False,0
اول,0,0,Female,England,ur,False,False,False,False,False,True,False,0
Letssssss Gooooooooooo,0,1,Female,England,et,False,False,False,False,False,True,False,0
YES FRIDA <3,0,2,Female,England,cy,False,False,False,False,False,True,False,0
Gunners forever 🏆🎯,0,0,Male,England,no,False,False,False,False,False,True,False,0
💜💜💜💜,0,1,Male,England,unknown,False,False,False,False,False,True,False,0
🤩,1,0,Female,England,unknown,False,False,False,False,False,True,False,0
Theooooooooo sign da ting,0,0,Male,England,so,False,False,False,False,False,True,False,0
Aqui é Corinthians! Respeita 🖤🤍,2,1,Female,Latin America,ca,False,False,False,False,False,True,False,0
Volta família Diaz!!!,0,1,Female,Latin America,ca,False,False,False,False,False,True,False,0
Ну хотя бы девочки выиграли молодцы,2,0,Female,England,ru,False,False,False,False,False,True,False,0
❤ മിടുക്കിക്കുട്ടികൾ,0,0,Female,England,ml,False,False,False,False,False,True,False,0
Lavia next Mikel,0,1,Male,England,sk,False,False,False,False,False,True,False,0
Topp !,2,1,Male,Germany,no,False,False,False,False,False,True,False,0
Gunners 💪💪,0,1,Male,England,no,False,False,False,False,False,True,False,0
COYG ❤,0,1,Female,England,cy,False,False,False,False,False,True,False,0
420th like lesgooo,0,0,Male,England,af,False,False,False,False,False,True,False,0
lieb sie so 💚🤍 vermiss sie total,2,1,Male,Germany,af,False,False,False,False,False,True,False,0
Красава девчонки!,2,1,Female,England,mk,False,False,False,False,False,True,False,0
"After odegaard, artetas best signing. A top CB.",2,0,Male,England,af,False,False,False,False,False,True,False,0
最开心的几天,2,0,Male,England,zh-cn,False,False,False,False,False,True,False,0
フィールドで散々やり合ったケリーとマッケイブが談笑しながら歩いているシーンは感慨深い,0,2,Female,England,ja,False,False,False,False,False,True,False,0
Dorival vai ter que fazer milagre pra salvar o corinthians 😢,2,1,Male,Latin America,ca,False,False,False,False,False,True,False,0
Simvel🎉,0,1,Male,England,sl,False,False,False,False,False,True,False,0
😊😊😊❤🎉,0,0,Female,England,unknown,False,False,False,False,False,True,False,0
Raya отличный вратарь!!! 💪🤟,1,1,Male,England,ru,False,False,False,False,False,True,False,0
®️❤️😂,0,1,Female,Germany,unknown,False,False,False,False,False,True,False,0
"左端の人は誰ですか？
試合に出ていないので忘れました😂😂",1,1,Male,England,ja,False,False,False,False,False,True,False,0
Poppiiii❤mega Tore ❤,2,1,Male,Germany,et,False,False,False,False,False,True,False,0
Suiii❤,0,1,Female,England,fi,False,False,False,False,False,True,False,0
Parabéns vic Albuquerque 👏🏻👏🏻👏🏻👏🏻🎉🎉🎉🎉🎉,0,0,Female,Latin America,ca,False,False,False,False,False,True,False,0
King Kai Positioning,2,1,Female,England,tl,False,False,False,False,False,True,False,0
Keep going Gooners Let's Go ❤,2,0,Male,England,af,False,False,False,False,False,True,False,0
"15 > 0 
                                                     ~ Not a end",2,0,Male,England,ca,False,False,False,False,False,True,False,0
😢,0,1,Female,Latin America,unknown,False,False,False,False,False,True,False,0
I like work late of sterling today,2,0,Male,England,af,False,False,False,False,False,True,False,0
COME ON!!!!! ❤,2,1,Female,England,pt,False,False,False,False,False,True,False,0
"Arteta Out
Kroenke Out",0,1,Male,England,no,False,False,False,False,False,True,False,0
❤❤,0,1,Female,England,unknown,False,False,False,False,False,True,False,0
O tanto que eu chorei assistindo!!!  Obrigada pai por compartilhar comigo o amor por esse time! E VAI CORINTHIANSSSSSSSSSS 🖤🤍,2,1,Female,Latin America,pt,False,False,False,False,False,True,False,0
ך,1,0,Male,England,he,False,False,False,False,False,True,False,0
❤🤍,0,1,Female,England,unknown,False,False,False,False,False,True,False,0
I miss Kai man 🤣😂,0,1,Female,England,fi,False,False,False,False,False,True,False,0
"acara bola,sekeren itu di luar negeri",2,0,Male,England,id,False,False,False,False,False,True,False,0
Awesome!,0,1,Female,Germany,af,False,False,False,False,False,True,False,0
🙏🙏🙏🙏🙏🙏,2,0,Female,England,unknown,False,False,False,False,False,True,False,0
Cringe af,0,1,Female,England,da,False,False,True,False,False,False,True,1
I love ❤️ Charli Grant! My fav player ever!,2,1,Female,England,no,False,False,False,False,False,True,False,0
8:03 何年も選手全員が好きで誰の背番号も選べなかったけれど、ノースロンドンダービーとこの日をもって自分が背中に刻むべき番号が決まった。,2,1,Male,England,ja,False,False,False,False,False,True,False,0
😇😇😇,2,1,Male,Germany,unknown,False,False,False,False,False,True,False,0
Vaaai Corinthiansss 🖤🤍,1,1,Male,Latin America,fi,False,False,False,False,False,True,False,0
"Deus te abençoe Dorival 
Vai Corinthians",2,0,Male,Latin America,ca,False,False,False,False,False,True,False,0
ss,0,0,Male,Latin America,fi,False,False,False,False,False,True,False,0
Thiapa  ndaye rk,2,0,Male,England,sw,True,False,True,False,False,False,True,2
البافاريات ❤❤,0,1,Male,Germany,ar,False,False,False,False,False,True,False,0
🖤🤍,0,1,Male,Latin America,unknown,False,False,False,False,False,True,False,0
Vamoooossss 💜,0,2,Male,Latin America,et,False,False,False,False,False,True,False,0
Só bagre,0,1,Female,Latin America,hu,False,False,False,False,True,False,True,1
Brave❤️,0,0,Female,Italy,sl,False,False,False,False,False,True,False,0
Finallyyyyy Yesssiiirrrskiii 🎉 congrats Phonzy!,2,2,Male,Germany,fi,False,False,False,False,False,True,False,0
"Love this, nice to see how together the team feels :)",1,2,Female,England,en,False,False,False,False,False,True,False,0
🤍🖤🦁.,0,2,Male,Italy,unknown,False,False,False,False,False,True,False,0
توتنهام العشق ❤❤😊,2,2,Female,England,ar,False,False,False,False,False,True,False,0
❤❤❤❤❤,2,0,Male,England,unknown,False,False,False,False,False,True,False,0
ET7 🔥,2,1,Female,England,ca,False,False,False,False,False,True,False,0
فورزا نابولي دائما,2,0,Female,Italy,ur,False,False,False,False,False,True,False,0
When I saw her I shouted ‘’JACK “and my mum shouted back at me “where”,2,2,Female,England,en,False,False,False,False,False,True,False,0
Rob Daly. *Commentator GOAT.*,0,2,Male,England,en,False,False,False,False,False,True,False,0
🎉🎉🎉🎉,0,0,Female,England,unknown,False,False,False,False,False,True,False,0
"go kido, party hardy, enjoy",0,1,Female,England,pl,False,False,False,False,False,True,False,0
Buy houmjbierg and samarzic,0,0,Male,Italy,pl,False,False,False,False,False,True,False,0
0:15 ta da 😊❤ Olga,1,0,Female,England,so,False,False,False,False,False,True,False,0
Good job guys,2,1,Male,England,so,False,False,False,False,False,True,False,0
Aller ol !!!!!,0,1,Male,France,tr,False,False,False,False,False,True,False,0
💙,0,1,Male,Italy,unknown,False,False,False,False,False,True,False,0
😂😂😂😂,1,2,Female,Italy,unknown,False,False,False,False,False,True,False,0
"Dai vinciamo staseraaaaaaa!!
Forza Juve 🤍🖤💪",0,2,Male,Italy,fi,False,False,False,False,False,True,False,0
"Защита решето...могли бы еще три пропустить..эксперименты Спаллети....Ндобеле,Есус и ...не стартового состава....",2,2,Male,Italy,ru,False,False,False,False,False,True,False,0
Like a little... RAT 😂😂,2,2,Female,England,et,False,False,False,False,False,True,False,0
Danke Poppi ❤,2,2,Female,Germany,no,False,False,False,False,False,True,False,0
อยากให้พวกน้องๆ ขายเสื้อ เอาไปบำรุงประเทศครับ ขายเถอะ เซ็นชื่อด้วย ให้เด็กที่น่ารักของโลก 😂😂😂 เชียร์เพราะเราอ่อน ถึงเวลาผม ขอนะครับ❤❤❤,1,0,Male,England,th,False,False,False,False,False,True,False,0
👌👌,1,2,Male,France,unknown,False,False,False,False,False,True,False,0
quanto godooooooooooooo,1,0,Male,Italy,so,False,False,True,False,False,False,True,1
3,0,1,Female,Italy,unknown,False,False,False,False,False,True,False,0
🎉🎉🎉🎉🎉🎉,0,2,Male,England,unknown,False,False,False,False,False,True,False,0
Sen nesin bee😍⭐,2,2,Male,Italy,af,False,False,False,False,False,True,False,0
Tolle Aktion!💚🤍,0,2,Male,Germany,fi,False,False,False,False,False,True,False,0
😂,0,2,Female,Italy,unknown,False,False,False,False,False,False,False,0
Neki❤️,0,2,Female,Germany,tr,False,False,False,False,False,True,False,0
🐺🤍💚,0,2,Male,Germany,unknown,False,False,False,False,False,True,False,0
https://youtu.be/gvGVYsCPmgU,0,0,Male,France,unknown,False,False,False,False,False,True,False,0
😂,2,0,Male,England,unknown,False,False,False,False,False,True,False,0
BYE KOULIERAKIS🤍🖤🤍🖤🤍🖤,2,2,Male,Germany,id,False,False,False,False,False,True,False,0
just... KENAN 🫶🫶🫶😍😍😍🥺🥺🥺,2,2,Male,Italy,et,False,False,False,False,False,True,False,0
Forza Juve,2,0,Male,Italy,sl,False,False,False,False,False,True,False,0
Sensational,0,2,Male,England,fi,False,False,False,False,False,True,False,0
Boys are better,2,0,Female,England,no,True,False,False,False,True,False,True,2
1,0,2,Female,Italy,unknown,False,False,False,False,False,True,False,0
Juventus🇮🇹🤍🖤,0,2,Male,Italy,lt,False,False,False,False,False,True,False,0
6 cı yorum❤,0,2,Male,Italy,tr,False,False,False,False,False,True,False,0
💚🤍 sauber Jungs,0,2,Female,Germany,id,False,False,False,False,False,True,False,0
🇹🇷🇹🇷🇹🇷🇹🇷🇹🇷,0,2,Male,Italy,unknown,False,False,False,False,False,True,False,0
💚🤍💚🤍🤍💚🤍🤍💚💚💚💚🤍🤍🤍🤍,0,1,Female,Germany,unknown,False,False,False,False,False,True,False,0
Forza Kenan🔥 💪,1,2,Female,Italy,sl,False,False,False,False,False,True,False,0
"Pls guys i,m big juve Fan 😢🎉 
Forza Juve ❤◾️⚪️",0,2,Female,Italy,sl,False,False,False,False,False,True,False,0
🇹🇷🇹🇷🇹🇷my star,0,2,Male,Italy,sk,False,False,False,False,False,False,False,0
Forza Juve,0,1,Female,Italy,sl,False,False,False,False,False,True,False,0
Forza juve,0,2,Male,Italy,sl,False,False,False,False,False,True,False,0
Danke Poppi❤️,1,2,Female,Germany,af,False,False,False,False,False,True,False,0
Draw,0,1,Male,Italy,cy,False,False,False,False,False,True,False,0
I love you mckennie,0,2,Female,Italy,sk,False,False,False,False,False,True,False,0
Kenan my star🤍🖤⭐️🇹🇷,0,2,Male,Italy,fi,False,False,False,False,False,True,False,0
🎉🤍🖤,1,2,Female,Italy,unknown,False,False,False,False,False,True,False,0
❤,0,2,Male,Italy,unknown,False,False,False,False,False,True,False,0
😢🤍🖤🇮🇹,0,2,Female,Italy,unknown,False,False,False,False,False,True,False,0
Nmecha darf bleiben,0,2,Male,Germany,cy,False,False,False,False,False,True,False,0
Camiiiiiiii❤️,0,2,Female,Germany,so,False,False,False,False,False,True,False,0
VfL wolfsburg 💚🤍⚽,0,2,Female,Germany,af,False,False,False,False,False,True,False,0
👏🏻🤍🖤🏴󠁧󠁢󠁥󠁮󠁧󠁿,0,1,Male,Italy,unknown,False,False,False,False,False,True,False,0
Amoura 🇩🇿❤️,0,2,Female,Germany,pt,False,False,False,False,False,True,False,0
Forza juve🤍🖤🗿,0,1,Female,Italy,sl,False,False,False,False,False,True,False,0
Kenan Yildiz🔥🇹🇷❤️,0,2,Male,Italy,tr,False,False,False,False,False,True,False,0
🤍🖤🇧🇷,0,2,Male,Italy,unknown,False,False,False,False,False,True,False,0
I love you  🤍JUVENTUS 🖤,2,2,Female,Italy,cs,False,False,False,False,False,True,False,0
Bravo Azdic!,1,2,Female,Italy,sl,False,False,False,False,False,True,False,0
Danke Poppi ❤,1,2,Female,Germany,af,False,False,False,False,False,True,False,0
🥳🤍🖤,0,1,Female,Italy,unknown,False,False,False,False,False,True,False,0
😢😢,1,1,Male,Germany,unknown,False,False,False,False,False,True,False,0
JUVENTINI INDONESIA DI SINI ❤❤,0,1,Male,Italy,id,False,False,False,False,False,True,False,0
Bro plis,0,1,Female,Italy,lt,False,False,False,False,False,True,False,0
I,0,1,Female,Italy,id,False,False,False,False,False,True,False,0
Forza solo Juve,0,1,Male,Italy,sl,False,False,False,False,False,True,False,0
Danke Ewa 🐺🐺🐺,2,1,Female,Germany,af,False,False,False,False,False,True,False,0
Forza Juve ❤,0,1,Male,Italy,sl,False,False,False,False,False,True,False,0
"Как при третьем голе защитница Фиорентины прибежала, улеглась в подкате уютненько и даже вставать не хотела не то что продолжать бороться, это очень мило🤣",0,1,Female,Italy,ru,True,False,False,False,True,False,True,2
الهجوم على هذا الفريق 😅🇩🇿🇩🇿🇩🇿🇩🇿,2,2,Female,Germany,ar,False,False,False,False,True,False,True,1
Vamos Timãooooooooo...🦅🇧🇷,1,2,Male,Latin America,et,False,False,False,False,False,True,False,0
Attacke jetzt!,1,2,Female,Germany,hr,False,False,False,False,False,True,False,0
Super,2,2,Male,Germany,id,False,False,False,False,False,True,False,0
🇩🇿❤️👍🏻👍🏻👍🏻👍🏻👍🏻,2,2,Female,Germany,unknown,False,False,False,False,False,True,False,0
അടിച്ചു കേറി വാ മോനെ 😎,1,0,Female,England,ml,False,False,False,False,False,True,False,0
Tenho 18 anos e esse foi um dos melhores jogos que vi do timão,2,2,Male,Latin America,pt,False,False,False,False,False,True,False,0
Top interview ❤️,1,0,Female,France,af,False,False,False,False,False,True,False,0
Vivi 😘🐺❤️❤️❤️,1,2,Female,Germany,sl,False,False,False,False,False,True,False,0
Wow❤,2,2,Male,Germany,pl,False,False,False,False,False,True,False,0
Zinedine Zanoti 👏👏👏👏👏,2,2,Female,Latin America,hr,False,False,False,False,False,True,False,0
un coup 12 c finito,2,0,Male,France,ro,False,False,True,False,False,False,True,1
What a banger,1,2,Male,England,id,False,False,False,False,False,True,False,0
💚🤍🐺,1,2,Female,Germany,unknown,False,False,False,False,False,True,False,0
💚🤍🥳,1,2,Male,Germany,unknown,False,False,False,False,False,True,False,0
Shirtaki?toll,1,1,Female,Germany,fi,False,False,False,False,False,True,False,0
"Aguante bombillo.....que saudades do estadio do meu Emelec 😢
Mais aqui no brasil sou 1.000% corinthiano roxo vai Corinthians.....agiante bombillo",1,2,Male,Latin America,pt,False,False,False,False,False,True,False,0
👏🏼👏🏼👏🏼👏🏼,1,2,Male,Latin America,unknown,False,False,False,False,False,True,False,0
Vamos 🦅🔥,1,2,Female,Latin America,lt,False,False,False,False,False,True,False,0
🇩🇿✊🏽,1,2,Male,Germany,unknown,False,False,False,False,False,True,False,0
🥅🧤⚽️🔥,1,2,Male,Latin America,unknown,False,False,False,False,False,True,False,0
Kkkkkkkk carai mano todo mundo só falou o Edilson capelinha kkkkkkkkkkkkkkk,1,2,Female,Latin America,fi,False,False,True,False,False,False,True,1
😘💚💚💚🐺,2,1,Male,Germany,unknown,False,False,False,False,False,True,False,0
🇮🇸🐺💚⚽👸🏽⚽💚🐺🇮🇸,1,0,Male,Germany,unknown,False,False,False,False,False,True,False,0
Orients Keeper made some decent saves!,2,0,Male,England,ca,False,False,False,False,False,True,False,0
☺️🍿,0,0,Male,Germany,unknown,False,False,False,False,False,True,False,0
🎉,1,2,Male,Germany,unknown,False,False,False,False,False,True,False,0
Mülli!!!!,0,0,Male,Germany,tr,False,False,False,False,False,True,False,0
Allez Paris 🔵⚪,0,1,Male,France,hu,False,False,False,False,False,True,False,0
Je met 20 balle sur vous gagnez hein,2,0,Male,France,nl,False,False,False,False,False,True,False,0
Wimmet genial Genial Genial Genial ❤❤❤,2,1,Male,Germany,ca,False,False,False,False,False,True,False,0
Арса ❤❤❤,0,0,Male,England,bg,False,False,False,False,False,True,False,0
Ab nach Europa 🎉🎉,2,2,Male,Germany,pl,False,False,False,False,False,True,False,0
Ich mag die VfL-Mädels total.   ❤️❤️❤️,1,0,Male,Germany,af,False,False,False,False,False,True,False,0
2 Punkte verloren 😮,0,2,Male,Germany,nl,False,False,False,False,False,True,False,0
Wow VFL WOLFSBURG❤❤❤❤❤ 5-0,2,2,Male,Germany,pl,False,False,False,False,False,True,False,0
Amoura 🇩🇿🇩🇿💪🏽💪🏽❤️❤️❤️❤️🇩🇿🇩🇿💪🏽💪🏽💪🏽💪🏽💪🏽,2,1,Male,Germany,unknown,False,False,False,False,False,True,False,0
😂💚,0,1,Male,Germany,unknown,False,False,False,False,False,True,False,0
💚🤍💚🤍💚🤍💚🤍💚,0,2,Male,Germany,unknown,False,False,False,False,False,True,False,0
Paris❤,0,0,Male,France,id,False,False,False,False,False,False,False,0
Come on Paris FC,1,1,Male,France,en,False,False,False,False,False,True,False,0
💚💚💚⚽⚽⚽⚽,2,2,Male,Germany,unknown,False,False,False,False,False,True,False,0
💚💚💚,0,0,Male,Germany,unknown,False,False,False,False,False,True,False,0
А как же гол Аршавина Барселоне?🤜🏻,0,0,Male,England,mk,False,False,False,False,False,True,False,0
der kleine Papa Krzysztof Nowak,0,0,Male,Germany,pl,False,False,False,False,False,True,False,0
🥰,0,0,Male,Germany,unknown,False,False,False,False,False,True,False,0
🤍💚🐺,0,1,Male,Germany,unknown,False,False,False,False,False,True,False,0
Fantastic amoura...,1,0,Male,Germany,ca,False,False,False,False,False,True,False,0
🥳🥳,1,0,Male,France,unknown,False,False,False,False,False,True,False,0
🐞🍀🐞🍀🐞🍀🐞🍀🐞👌,2,2,Male,Germany,unknown,False,False,False,False,False,True,False,0
💚💚💪💪,0,2,Male,Germany,unknown,False,False,False,False,False,True,False,0
Escros de père en fils 😂😂😂,2,0,Male,France,ca,False,False,True,False,False,False,True,1
Ich hör nur mimimimi,0,2,Male,Germany,sq,False,False,False,False,True,False,True,1
Men’s⚽️💀💀💀💀💀💀00,2,0,Female,England,unknown,True,False,False,False,True,False,True,2
Merle,2,1,Male,Germany,tr,False,False,False,False,False,True,False,0
Maestro,2,1,Male,Latin America,cy,False,False,False,False,False,True,False,0
forza juve,1,1,Female,Italy,sl,False,False,False,False,False,True,False,0
E vai fazer  muito  mais.,2,1,Male,Latin America,lv,False,False,False,False,False,True,False,0
Super Kathy,1,1,Female,Germany,id,False,False,False,False,False,True,False,0
beijinhos,2,1,Male,Latin America,lt,False,False,False,False,False,True,False,0
Bravo Sveindís 🇮🇸,1,1,Male,Germany,sl,False,False,False,False,False,True,False,0
尤文图斯加油！！---喜欢尤文图斯33年的中国球迷,1,1,Male,Italy,zh-cn,False,False,False,False,False,True,False,0
pra mim o Dorival menosprezou o adversario,1,1,Female,Latin America,sl,False,False,False,False,False,True,False,0
"Corinthians deveria usar no Short  o Escudo CP,  ou  SCCP .
Porque não fica visualmente bom este .
Parece um despertador.
Ou põe este mesmo mas  todo preto  como na Camisa all black",1,1,Female,Latin America,pt,False,False,False,False,False,True,False,0
Kalos mas irthes palikare...,2,1,Male,Germany,lt,False,False,False,False,False,True,False,0
3 a 0 hoje🖤🤍🎉,1,1,Male,Latin America,sk,False,False,False,False,False,True,False,0
Juventus harus membeli idzes 🔥,2,1,Male,Italy,et,False,False,False,False,False,True,False,0
Klasse 💚🐺,1,1,Female,Germany,et,False,False,False,False,False,True,False,0
Memphis de blusa kkkkkkk,1,1,Male,Latin America,et,True,False,False,True,False,False,True,2
1:28 tatapan Vlahovic 😅,2,0,Female,Italy,id,False,False,False,True,False,False,True,1
Danke Poppy 🖤❤️💛😭,2,2,Female,Germany,af,False,False,False,False,False,True,False,0
Ja die Banane 😏😏😏,1,0,Female,Germany,af,False,False,False,False,False,True,False,0
Krass man,0,2,Female,Germany,id,False,False,False,False,False,True,False,0
Merle ❤,1,2,Female,Germany,tr,False,False,False,False,False,True,False,0
gönn dir 15 Tore Bruudaa 💚,2,1,Female,Germany,tr,False,False,False,False,False,True,False,0
Amoura ist die beste,0,2,Female,Germany,af,False,False,False,False,False,True,False,0
Düsseldorf alaaf!,0,1,Female,Germany,af,False,False,False,False,False,True,False,0
😂😂 This is the greatest thing I have seen in a while. Please team these two up again!!!!❤,1,2,Female,Germany,en,False,False,False,False,False,True,False,0
Super les filles,2,2,Female,France,fr,False,False,False,False,False,True,False,0
عموووورة ❤🇩🇿💯♥️💫,2,0,Female,Germany,ar,False,False,False,False,False,True,False,0
wie coooool,2,2,Female,Germany,pl,False,False,False,False,False,True,False,0
amoura FORCE DZ  <3,2,2,Female,Germany,pt,False,False,False,False,False,True,False,0
Amouraaaaa go gooooo🇩🇿🇩🇿💪🏻💪🏻,1,2,Female,Germany,so,False,False,False,False,False,True,False,0
😂😂😂 دزاير كامل راهي هنا,2,0,Female,Germany,fa,False,False,False,False,False,True,False,0
So random aber wie geil,1,0,Female,Germany,af,False,False,False,False,False,True,False,0
