comment,sexism,racism,violence,appearance,ability,non-offensive,is_labeled
what a game!!!,0,0,0,0,0,1,True
Well played,0,0,0,0,0,1,True
Wolfsburg and Bayern destroying Italian teams. You love to see it,0,0,0,0,0,1,True
"""Advantage goes to Chelsea"" 😂",0,0,0,0,0,1,True
Great team performance,0,0,0,0,0,1,True
Wondfull,0,0,0,0,0,1,True
Well played,0,0,0,0,0,1,True
"Well done 👍 to the Roma goalkeeper, she did very well",0,0,0,0,0,1,True
The great player,0,0,0,0,0,1,True
What a goal,0,0,0,0,0,1,True
LIEKE 🤡 AFTER LEAVED BARÇA TO JOIN P$G 🤣🤣🤣🤣🤣🤣😂😂,0,0,0,0,1,0,True
The legend,0,0,0,0,0,1,True
"1:56 what happen with the goalkeepers of women's football? they always throw themselves when the ball has already entered
5:20 🤦🏾‍♂️🤦🏾‍♂️🤦🏾‍♂️🤦🏾‍♂️🤦🏾‍♂️🤦🏾‍♂️🤦🏾‍♂️😳😳😳🤯🤯",1,0,0,0,1,0,True
But how was that a pen ??,0,0,0,0,0,1,True
Great 👍,0,0,0,0,0,1,True
"To the person reading this: Even though I don’t know you, I wish you the best of what life has to offer ❤",0,0,0,0,0,1,True
"Frankfurt started the game well,what happened??",0,0,0,0,0,1,True
"What a great match. Suspenseful, punches exchanged all game long",0,0,0,0,0,1,True
French substitle please,0,0,0,0,0,1,True
we gonna watch live on dazn?,0,0,0,0,0,1,True
"Barca's 3rd, that is absolutely EMBARASSING defending! but Lucy Bronze is without doubt one of the best full backs to play the game and the best full back to come out of England!",0,0,0,0,0,1,True
Barça should get the Brann goalkeeper. She's been spectacular in both games.,0,0,0,0,0,1,True
Barcelona Femini always giving me goosebumps. A joy to watch all the time ❤,0,0,0,0,0,1,True
Mapi save this game,0,0,0,0,0,1,True
"Ummm.
Who on earth edited this?
Where's the Dijon goal?!",0,0,0,0,0,1,True
Men’s could never,1,0,0,0,0,0,True
Great,0,0,0,0,0,1,True
"Congratulations Fcbarcelona Champions 👏👏👏
Vamos 💪💙❤",0,0,0,0,0,1,True
"Lucky for Bayern, that Mala Grohs had nothing really to keep....",0,0,0,0,1,0,True
This game gave big meaning and changed everything about women's football ❤,0,0,0,0,0,1,True
what a beautiful and fantastic goal by Popp :O,0,0,0,0,0,1,True
Amazing performance,0,0,0,0,0,1,True
Not bad for a women's sport,1,0,0,0,0,0,True
Glad you made a video about that game. Otherwise I never would have known it was played. Millwall was playing that day. 👍🏻,0,0,0,0,0,1,True
Lauren James and his brother Reece are amazing players,0,0,0,0,0,1,True
oof.  lol,0,0,0,0,0,1,True
"Best highlights in the World, thanks DAZN!",0,0,0,0,0,1,True
Iam on road,0,0,0,0,0,1,True
Great to see Lucy Bronze,0,0,0,0,0,1,True
The little girls can continue to dream👏🏽👏🏽👏🏽,0,0,0,0,0,1,True
That third barca goal 🔥🔥🔥🔥,0,0,0,0,0,1,True
What a game 🥵💯,0,0,0,0,0,1,True
ovarated player,0,0,0,0,0,1,True
Outstanding performance,0,0,0,0,0,1,True
They were better all game. Just two errors that led to two goals,0,0,0,0,0,1,True
"Geise = Ronaldinho Aitana = Iniesta Rolfo = Alves  Alexia = Messi
Take the ball, Pass the ball 🔵🔴👑",0,0,0,0,0,1,True
Great goal 👏,0,0,0,0,0,1,True
The only team can beat Barça...,0,0,0,0,0,1,True
Can't stop laughing at the 3rd goal 😂😂,0,0,0,0,0,1,True
"Latin Power Baby ¡¡¡¡ => 
World Cup=Argentina , Champions League=Sevilla ,  UEFA Women's Champions League 2023=Barcelona ¡¡ 
Manchester City Vs Inter => Inter = Winner ????",0,0,0,0,0,1,True
That was an amazing game. Better final than the men’s Champions League.,0,0,0,0,0,1,True
And youre twlling me Patria Guijarro is not going to play the World Cup COME ON!!! PPL be serious,0,0,0,0,0,1,True
What a comeback 😮🔥🔥,0,0,0,0,0,1,True
"Women Football Grown like wow

What a game KTBFFH 💙💙💙",0,0,0,0,0,1,True
really Horan I kissed you in my dreams plz trust me an really most beautiful Angel of the world Horan Horan,1,0,0,0,0,0,True
Wonderful performance,0,0,0,0,0,1,True
Amazing performance,0,0,0,0,0,1,True
Arsenal needs to deal with goalkeeping issues.,0,0,0,0,0,1,True
I was crying 😭…. But happy,0,0,0,0,0,1,True
I can’t imagine how bad that woman is feeling after she gave the ball away at the end,0,0,0,0,0,1,True
The bottle club has done it again 🤣🤣🤣🤣🤣🤣 men women no difference,0,0,0,0,1,0,True
Great 👍,0,0,0,0,1,0,True
There's no penalty at the end of the game. What a robbery...,0,0,0,0,0,1,True
Nice one,0,0,0,0,0,1,True
Emma being cold🤣🤣🤣🤣🤣🤣,0,0,0,0,0,1,True
Did they cheat again and rigged it?,0,0,0,0,0,1,True
Kim Little was anything but little.....she ran the show,0,0,0,0,0,1,True
shame on Chelsea with an imagineray penalty,0,0,0,0,0,1,True
can't see anything,0,0,0,0,0,1,True
That's not penalty!.. Lyon was robbed!,0,0,0,0,0,1,True
Transfer Reiten to the men's team. What an absolute delight to watch. Player of the match for me.,0,0,0,0,0,1,True
What a player,0,0,0,0,0,1,True
first time i've ever seen a goalkeeper do a kneeslide and it was lovely😂,0,0,0,0,0,1,True
Historical come back final match in uwcl,0,0,0,0,0,1,True
Great performance 👏,0,0,0,0,0,1,True
Well played,0,0,0,0,0,1,True
This one is too emotional,0,0,0,0,0,1,True
awwh this was so wholesome 😁,0,0,0,0,0,1,True
Thank you for the streaming. A Chelsea fan really needed that.,0,0,0,0,0,1,True
They almost lost the game! But still they managed to recover… luv Lucy Bronze… can’t wait for Alexia to come back and play with Lucy,0,0,0,0,0,1,True
Well played,0,0,0,0,0,1,True
Interesting match,0,0,0,0,0,1,True
"Cruel for Roma but that's the difference between a club which can win the Cup and anotherr one which reaches quarter final for the first time. All these brilliant Catalan players not going to the World Cup, what a mess !!!",0,0,0,0,0,1,True
Well played both teams,0,0,0,0,0,1,True
"Shameful refereeing decisions - no penalty for Chelsea in e.t., and both saves on the penalties shot out must be retaken because the Chelsea goalkeeper moves from the line before the shot.",0,0,0,0,0,1,True
Well played,0,0,0,0,0,1,True
How was that a pen 😂,0,0,0,0,0,1,True
Nice game,0,0,0,0,0,1,True
"It's just a little more time before we win the champions league. Barca feminine lost their first champions league final, won it the next season and lost it again the next season. We lost our first champions league final and it's only a matter of time before we finally lay out hands on it. We have conquered everywhere but Europe, we don't want to be local champions, the next vision is to be the European champions. We are on course to do it. Come on you Blues. 💙💙",0,0,0,0,0,1,True
"Never a pen tbh, nevertheless Barça is waiting 😈",0,0,0,0,0,1,True
Probably the best now. She was the only reason they won against barca 3 1,0,0,0,0,0,1,True
"Thank you for this collection. Only a few years ago the feature would have been ""Worst women's mistakes"" or ""Top women's goalkeeping fails."" Look how far this league has come in such a short time! I think history will judge this an amazing period in the development of the game.",0,0,0,0,0,1,True
Did arsenal decide to stop playing,0,0,0,0,0,1,True
Thank you,0,0,0,0,0,1,True
Barca overpowered them in all areas of the field,0,0,0,0,0,1,True
Come on Arsenal!,0,0,0,0,0,1,True
"Stream full match DAZN, open all territories, look they all so wet 🥹",0,0,0,0,0,1,True
"i would say it was a 2-2 game, lucky to get a penalty so late.",0,0,0,0,0,1,True
I Love Full FootBall Women..Is The STRONGER..😁⚽☺️💪🏻🤗👍🏻.Thanks So Muach DAZN..,0,0,0,0,0,1,True
"⚠️ 📢  I comment , liked and subscribed because LAM company paid me for this channel ⚠️ 📢  they scammed and run away , didnt pay me for doing my job. Alerting 🗣️🗣️

Shame on LAM 👎👎",0,0,0,0,0,1,True
Brilliant 👍😊,0,0,0,0,0,1,True
"I love them all, but I'm missing Caroline Graham Hansen's goal against Chelsea!",0,0,0,0,0,1,True
I definitely think they should make more these types of series for both the men and women games.,0,0,0,0,0,1,True
"Brilliant goal, brilliant match :)",0,0,0,0,0,1,True
The best football Shorts 🤞,0,0,0,0,0,1,True
"If only the men could do as well! Brilliant team, can't wait to see what to come for the women 👏",1,0,0,0,0,0,True
Don't put the score in the title,0,0,0,0,0,1,True
The arsenal player at left wing is Tierney's female version,0,0,0,0,0,1,True
what a player what a nice video,0,0,0,0,0,1,True
why are Barca still putting Walsh on !!,0,0,0,0,0,1,True
To many ads on this match hard to watch,0,0,0,0,0,1,True
The ladys 2 goals are better than some mens goals. She is the number 1 best player for women in the world right now. Those goals are impossible,0,0,0,0,0,1,True
Congratulations 🎉🎉🎉,0,0,0,0,0,1,True
How was that a penalty Lyon was robbed,0,0,0,0,0,1,True
Robbery,0,0,0,0,0,1,True
Barça and comebacks,0,0,0,0,0,1,True
"It was so so close, I'm so sad and angry",0,0,0,0,0,1,True
Arsenal women is a great team,0,0,0,0,0,1,True
Barca all the way!,0,0,0,0,0,1,True
Amazing performance 😍,0,0,0,0,0,1,True
Bayern kicked Barcelona to the moon and arsenal right after. UNSTOPPABLE. MIA SAN MIA,0,0,0,0,0,1,True
Well played....,0,0,0,0,0,1,True
Bonmati❤❤,0,0,0,0,0,1,True
Barcelona women all look like Messi from afar but when the camera zooms in you can clearly tell it’s a cutie there! 😅,0,0,0,1,0,0,True
Best of luck,0,0,0,0,0,1,True
Best game it,0,0,0,0,0,1,True
Perfect game,0,0,0,0,0,1,True
"Great comeback! On PSG's 1st. goal, #26 Lindsey Horan was sleeping on the field, lol.",0,0,0,0,1,0,True
Great performance from both team,0,0,0,0,0,1,True
"WHAT A GAME,,WELL PLAYED ARSENAL ",0,0,0,0,0,1,True
The 4-1: Mariona -> Vicky López -> Putellas -> Aitana -> Salma. Can't get any better than that.,0,0,0,0,0,1,True
Attendance record trend started from here❤💙,0,0,0,0,0,1,True
congratulations to Barcelona become a champion of UWCL 2022/2023 and Manchester City become a champion of FA Cup 2023 .,0,0,0,0,0,1,True
This is so exciting...!!!,0,0,0,0,0,1,True
"Disgusting pen, Chelsea totally bailed by the referee. They don't have the level for the semis, the other teams have been more consistent.",0,0,0,0,0,1,True
UEFAlona making its comeback into the Europe once again,0,0,0,0,0,1,True
Nice kick to try the goal i like that😍,0,0,0,0,0,1,True
Looking forward,0,0,0,0,0,1,True
My left ear enjoyed this one 😅👍,0,0,0,0,0,1,True
This barca team is just not unstoppable,0,0,0,0,0,1,True
"The girls did all we could've asked of them and then some. Eventually, it was just too much with all those injuries. The difference, in the end, was that the Germans, unlike us, had their biggest star back - Popp was vital with assisting the first and scoring the second.
We need to learn to finish the games though. Those two goals conceded in overtime against United, the late equaliser by Kerr against Chelsea, and now this. Season defining moments.",0,0,0,0,0,1,True
Brilliant goal,0,0,0,0,0,1,True
Mate give the music a F--cking rest,0,0,0,0,0,1,True
🏆Barça Femeni🏆 Champions of Champions.💙❤️💙❤️💙❤️,0,0,0,0,0,1,True
"I mean gambling is so fun and fair, obv only Like gambling Situations where the question isnt If U win Just how much U win",0,0,0,0,0,1,True
"The catalyst that changed the women's game was the 2015 Women's World Cup. Not this game. That WC, lead to the growth and popularity of the women's game that was able to lead to this Barca record, england record etc. Sponsors and broadcasting are still a very big challenge to watch regular season games that aren't quarter/semi/finals matches.",0,0,0,0,0,1,True
"Is this Neddy Anderson enlightening us on every conceivable
 fragment of WSL/UEFA 
trivia❓️He's a fountain of distraction in 2025 . 
WSL needs an ""on mike academy"" so as to eventually eliminate the verbal diarrhoea  . PUH -- LEEZE❗️❗️❗️❗️❗️",0,0,1,0,0,0,True
"Barcelona finally beating Lyon and with goals from Bonmati and Putellas, a perfect story without a doubt.
Bonmati is the best player in the world for the second year, and I have no doubt that she will obtain her second Ballon d'Or not only for what she did with Barcelona but also for what she did with Spain, winning the Nations League and now the Olympic Games.",0,0,0,0,0,1,True
This team is going to win champions league,0,0,0,0,0,1,True
Alexia come back soon,0,0,0,0,0,1,True
Perfect,0,0,0,0,0,1,True
Jawohl Bayern Meister hey hey hey 😊👍⚽️🏆,0,0,0,0,0,1,True
A great team 👏,0,0,0,0,0,1,True
We'll play,0,0,0,0,0,1,True
This was quality- what a watch 🤍,0,0,0,0,0,1,True
"She's kind of like David James - mostly brilliant, but prone to howlers.",0,0,0,0,1,0,True
amazing performance well played,0,0,0,0,0,1,True
The way that third goal was scored was unbecoming of a CL final. 😮,0,0,0,0,0,1,True
Thanks barca,0,0,0,0,0,1,True
Are they showing the actual game?,0,0,0,0,0,1,True
"In 1st leg, Bayrm's victory was very lucky",0,0,0,0,0,1,True
Lauren and Reece are TRUE jems of this club... even mason mount... proper chels,0,0,0,0,0,1,True
Lovely match,0,0,0,0,0,1,True
"Home Win, Clean Sheet and  Turnaround Complete ✔️ Semis here we come 🔴",0,0,0,0,0,1,True
Amazing team,0,0,0,0,0,1,True
Both team's are well played,0,0,0,0,0,1,True
Walk away for 5 minutes and it’s 4-1,0,0,0,0,0,1,True
What's the point of a team like Benfica being in this competition if their players played like they were not interested in being on the field from the very start.   The Benfica players attitude was disgraceful.,0,0,0,0,1,0,True
"I'm waiting for the day when both women and men, will play football in the same team and end millennia of discrimination  against women.",0,0,0,0,0,1,True
"Katie catching strays here lol! A lovely video, love my captain.",0,0,0,0,0,1,True
The gladiator of the box and its surroundings 💪🏽💙❤,0,0,0,0,0,1,True
FC Barcelona all time and all years my favourite team,0,0,0,0,0,1,True
"2m30s just gone like that, the documentary is so interesting i felt like the time wasted was too much 😎😎😎",0,0,0,0,0,1,True
No fans 😢,0,0,0,0,0,1,True
This team plays brand football. One of the best football sides in history for sure.,0,0,0,0,0,1,True
"The talent on Barcelona's team is mind-blowing, just incredible. It's hard to even rank  the players because they're all great.  Take Aitana, Paruello, Mapi Leon, Mariona, Oshoala, Marta Torrejón and Irene Paredes and put them on another team and you instantly have a top two team in the world and Barcelona still keeps its number one status with Alexia, Pina, Graham, Bronze, Fridolina Rolfö,  Paños, Ingrid Syrstad Engen, Esmee Brugts and Keira Walsh",0,0,0,0,0,1,True
Aitana is goated,0,0,0,0,0,1,True
What a great game👏👏👏👏👏,0,0,0,0,0,1,True
That wasn't a penalty. VAR just wants Chelsea to win.,0,0,0,0,0,1,True
"A GAME FOR THE AGES, WOMEN FOOTBALL ON THE RISE",0,0,0,0,0,1,True
Mind blowing nice work 💯,0,0,0,0,0,1,True
So great,0,0,0,0,0,1,True
3 Dutch graces have a home-final......which means advantage Wolfsburg.....,0,0,0,0,0,1,True
Muchos bloopers aun ..,0,0,0,0,1,0,True
"Danke fc Bayern 
Ole ole fc Bayern ole
Mia san mia",0,0,0,0,0,1,True
Mead 💎🔥 What a match of Arsenal girls👏🏻💪🏻,0,0,0,0,0,1,True
Come on the Chelsea Ladies. Make our club and fans proud. Let's get the big one. The Champions League trophy. COYB.,0,0,0,0,0,1,True
It's part of the game so don't loose hope,0,0,0,0,0,1,True
"Erikson and Kaloubaly have similar playing styles in terms of errors, miss kicks and wrong decision wise 😂 Todd should buy Maria Leon from Barca 😊 with those kind of errors, we're lucky to win . Sam Kerr should stop wasting 1v1 chances ; composer is required to burry those chances",0,0,0,0,1,0,True
Roma defended well and the goalkeeper was brilliant.,0,0,0,0,0,1,True
"ALEXIA PUTELLAS... ""QUEEN"" In...""HISTORY Of FOOTBALL"" .
LEAH WILLIAMSON ""PRINCESS"" In...""HISTORY Of FOOTBALL"" .
CAROLINE GRAHAM HANSEN ""ThE GAME CHANGER"" In...""HISTORY Of FOOTBALL"" .
""3 GREAT WOMEN'S FOOTBALLER"" .",0,0,0,0,0,1,True
If Barca had Bunny Shaw instead of Oshuala today she would have scored 7 by herself,0,0,0,0,0,1,True
Parabuello is a black monkey,0,1,0,0,0,0,True
she is so ugly and bad i want to kill her,0,0,1,1,1,0,True
i want to slap that booty so bad she cant play football but that black pus probably has so much juice ill make her scream and cream,1,1,1,1,1,0,True
Warum ist das Sporting Stadion in der CL immer so leer? Ist mir schon gegen Barca aufgefallen. Da ist ja Stimmung wie bei RB.,0,0,0,0,0,1,True
Rosa leben,0,0,0,0,0,1,True
Lewandowski ❤❤❤❤❤,0,0,0,0,0,1,True
VINICIUS JR,0,0,0,0,0,1,True
CR 7 ❤❤❤,0,0,0,0,0,1,True
Helal Oslun Türkiye,0,0,0,0,0,1,True
Bro sub indo more much,0,0,0,0,0,1,True
Soviele Schwachsinn in dem Video,0,0,0,0,0,1,True
وینی,0,0,0,0,0,1,True
AliBaba schießt immernoch (fast) alle links daneben ❤😂,0,0,0,0,0,1,True
Kommentator direkt aus der Malocher-Kneipe vors Mikro gekommen?,0,0,0,0,0,1,True
Mejor que Thiago,0,0,0,0,0,1,True
Einfach so geil ich Liebe euren Kontent,0,0,0,0,0,1,True
THIS IS SO EXEPERIENCE ILOVE IT,0,0,0,0,0,1,True
👀👀👀👀👀👀👀👀👀👀👀👀👀👀👀👀👀,0,0,0,0,0,1,True
Messi,0,0,0,0,0,1,True
ONLY RONALDO,0,0,0,0,0,1,True
"Spieleröffnung auf Malatini lenken, langen Ball recovern oder ihm abnehmen und treffen.
Einfach und gut. Glückwunsch an die Arminia!",0,0,0,0,0,1,True
Garnacho 🎉,0,0,0,0,0,1,True
Salah Allah Akbaru,0,0,0,0,0,1,True
no lewandowski...no winn:),0,0,0,0,0,1,True
Wo ist das Tor von Marcel Sabitzer das war auch ein Traumtor gegen die Niederländer 🇦🇹🇦🇹🇦🇹🇦🇹,0,0,0,0,0,1,True
"""Aggressive, pubertierende Eltern... "" Schiri, du bist der Hammer ! 👍😂😂😎",0,0,0,0,0,1,True
so ```` Baumann`` ein gutes Manschaft :),0,0,0,0,0,1,True
Bellingham hat seit dem er bei Real Madrid ist Null Respekt vor niemandem mehr🤷🏻🤮,0,0,0,0,0,1,True
Bitte bitte bitte,0,0,0,0,0,1,True
Beier,0,0,0,0,0,1,True
MESSİ❤❤❤❤❤❤❤❤❤❤❤❤ RONALDO😂😂😂😂😂,0,0,0,0,0,1,True
FORZA MILAN!!!,0,0,0,0,0,1,True
Ein Spiel Sperre. Ist das lächerlich.,0,0,0,0,0,1,True
bellingham after this😂,0,0,0,0,0,1,True
1	Bitte,0,0,0,0,0,1,True
Ist dich auch egal 3-0 oder 4-0 bvb hat verloren,0,0,0,0,0,1,True
Rüdiger in Real Madrid Trikot = asozial,0,0,1,0,0,0,True
Bester Kommentator,0,0,0,0,0,1,True
Glasklarer Elfmeter,0,0,0,0,0,1,True
Die Zuschaunden sehen die Deutsch*innen als Gewinnende.,0,0,0,0,0,1,True
"Kaum spielt Sane links kann er kicken. Hat er bei ManCity die unter Guardiola die GANZE ZEIT gemacht, aber kommt zu Bayern, HOENEß REIßT AUGEN AUF SIEHT DRIBBELSTARKE LINKSFUß, DENKT AN ARJEN UND 4-2-3-1, KLEINE TRÄNE KULLERT WANGE HINUNTER OHNE STEUERN ZU ZAHLEN. ZACK SPIELT DER DIE GANZE ZEIT RECHTS ARRRGHGHHGHG",0,0,1,0,0,0,True
"Can leert nach dem Spiel seine Hosentasche, Handy, Autoschlüssel und Gyökeres",0,0,0,0,0,1,True
3 nader,0,0,0,0,0,1,True
R9,0,0,0,0,0,1,True
04:31 Martinez 🙏,0,0,0,0,0,1,True
bitte gewinnt den pokal in berlin - jeder will das sehen und euch gegen real madrid spielen sehen,0,0,0,0,0,1,True
nennt man Pass,0,0,0,0,0,1,True
So macht Fußball laune😁,0,0,0,0,0,1,True
Messi beste Aura,0,0,0,0,0,1,True
Der Beste...bleib wie du bist Vini...Madridistas und Brasilianer lieben dich!,0,0,0,0,0,1,True
Trossard 🥶🥶🔥🔥💯💯💀,0,0,0,0,0,1,True
ONE OF MY FAV VIDS BY FUTCRUNCH AND IN THE HISTORY OF YOUTUBE VERY PERFECT VID FUT!,0,0,0,0,0,1,True
"Das aktuell ist das sympathischste PSG, was ich je erlebt hab 😂
Macht Bock, den Jungspunden beim zocken zuzuschauen",0,0,0,0,0,1,True
Bayern und Barcelona macht Flick stark und Deutschland war scheiße unter ihm komisch,0,0,0,0,0,1,True
"Kleine Info für alle, die hier wegen der zwei Berühruhrugen rummeckern: In der CL wird (vor allem wegen Abseits) Technik eingesetzt, die Ballberührungen registriert. Daher ging die Entscheidung auch so schnell, da die beiden Berührungen nicht aur Video erkannt werden mussten, sondern über die Technik angezeigt wurden.",0,0,0,0,0,1,True
Wo ist Derrick,0,0,0,0,0,1,True
"Bitte nächstes Mal 
Og Abonnenten, Challenge mini wm",0,0,0,0,0,1,True
Funny how he never blamed the Glazers even though they have shelled out nearly 90 million for Anthony and pay Casemiro 300grand a week!,0,0,0,0,0,1,True
Meesi❤❤❤,0,0,0,0,0,1,True
Als ob Müller das Spiel gewonnen hätte. Das Tor 😂😂😂 der Ball fällt zufällig vor seine Füße 😂😂😂,0,0,0,0,0,1,True
deutschland gewint fur das deutsche vatersland,0,0,0,0,0,1,True
"bin ich der einzige der die ganze zeit ""lainer"" bei Laimer gehört hat? Ansonsten Top commentary",0,0,0,0,0,1,True
Please add Hindi audio,0,0,0,0,0,1,True
Saka,0,0,0,0,0,1,True
"arminia bielefeld gegen as rom,tottenham oder valencia...allein das hört sich surreal an...😉😂",0,0,0,0,0,1,True
Trotz Rückstand so stark zurückgekommen! 💪🏻 Bitte immer so wie heute – überragende Leistung! 🖤💛,0,0,0,0,0,1,True
GORETZKAAAAAAAA,0,0,0,0,0,1,True
I dont want to dead,0,0,1,0,0,0,True
Der gewinnt keinen einzigen. Völlig überschätzt.,0,0,0,0,0,1,True
Ich hoff einfach Real fliegt iwann raus. Aber deezeit seh ich Real wieder im Finale leider,0,0,0,0,0,1,True
Ronaldo❤❤👿👿,0,0,0,0,0,1,True
"1.Rudiger
2.Rodrygo,Vinius jr",0,0,0,0,0,1,True
RONALDO IS THE GOAT ❤,0,0,0,0,0,1,True
Siuuuuu🎉🎉🎉❤❤❤,0,0,0,0,0,1,True
Es schmeck aber scheiße,0,0,1,0,0,0,True
Italiener haben wohl gefastet . Zu wenig Pasta gegessen. Die sind schuld daran. :-),0,1,0,0,0,0,True
Let's go  EMI martinez nice slidtackle on Rashford,0,0,0,0,0,1,True
Es stehd 1 0 für spanien😢,0,0,0,0,0,1,True
Die vermissen ihre türkischen Schiris Jetzt ist ausländischer schuld genau die die rumheulem das ausländische Schiris unsere spiele Pfeiffen sollen 😂😂,0,1,0,0,0,0,True
Leverkusen sowas von schlagbar,0,0,0,0,0,1,True
Böse,0,0,0,0,0,1,True
Saliba,0,0,0,0,0,1,True
Zum Glück war Messi nicht dabei,0,0,0,0,0,1,True
Wer ist dein Lieblings Player?,0,0,0,0,0,1,True
Fehler,0,0,0,0,0,1,True
"Ach nur weil Vizekusen mit seinen Pharmamillionen einen Titel geholt hat, sind die noch lange nicht mehr.",0,0,0,0,0,1,True
Gute Besserung Eierkopf#❤❤❤,0,0,1,0,0,0,True
Ich heiße chelsea ich schwore,0,0,0,0,0,1,True
Ich glaube das Bein ist gebrochen😅,0,0,0,0,0,1,True
Na Hollzi sieht so aus als hättest du ein bissel zugenommen,0,0,0,1,0,0,True
deutschland 🎉🎉🎉🎉🎉🎉❤🎉❤🎉❤🎉🎉🎉❤🎉❤🎉❤🎉🎉❤🎉❤🎉❤🎉🎉❤🎉❤🎉🎉❤🎉❤🎉❤🎉🎉❤🎉❤❤🎉🎉❤🎉❤🎉🎉❤❤🎉🎉❤🎉🎉❤🎉❤🎉❤🎉🎉❤🎉❤🎉🎉❤🎉🎉❤🎉❤🎉🎉🎉❤🎉❤🎉🎉❤🎉🎉🎉🎉❤🎉❤🎉🎉❤🎉🎉❤🎉🎉❤🎉❤🎉❤🎉🎉❤🎉❤🎉🎉❤🎉😂,0,0,0,0,0,1,True
ManU wieder bodenlos schlecht,0,0,0,0,0,1,True
Hab Dembele noch nie so viel laufen gesehen in einem Spiel Hilfe. Neves krankes Spiel heute und Mendes wieder überragend gegen Salah. Das erste Mal bisher das PSG wirklich als Team Auftritt.,0,0,0,0,0,1,True
Geiles Video mit schmerzhaftem Ende. Wünsch euch paar kühle Eiswürfel 🎉😮😅,0,0,0,0,0,1,True
danke für 82 Minuten Jule Brand unfassbar wie blind kann man als Trainer sein? nach 10min wäre der bei mir vom platz und am besten gleich Spind frei machen,0,0,0,0,0,1,True
Ich werde nicht müde das zu schreiben - Faes ist wirklich der Inbegriff von desaströs,0,0,0,0,0,1,True
Sacha Boey should've stayed on his man instead of going in for the tackle,0,0,0,0,0,1,True
5 bitteeeeeeeeeeeeee,0,0,0,0,0,1,True
Die kommentatoren dir nur real haten gehen mir so auf den sack,0,0,1,0,0,0,True
"Also komm, er zieht doch den Arm sogar noch weg, was soll er denn noch machen",0,0,0,0,0,1,True
What do you mean ‘100’ 😂😂😂,0,0,0,0,0,1,True
Kommentator stimme 10/10,0,0,0,0,0,1,True
Leverkusen hat xaka. Aber Bielefeld hat xakalaka,0,0,0,0,0,1,True
Also als gar kein Fan von beiden sage ich eine Sache den Elfmeter wenn der wohl zwei Füße getroffen hat hat der aber wirklich nicht dann muss eigentlich der Elfmeter wiederholt werden. So ist es eigentlich auch,0,0,0,0,0,1,True
Gute Besserung,0,0,0,0,0,1,True
Vini Jr.,0,0,0,0,0,1,True
"Gutes Spiel vom BVB allerdings sicher auch nicht leicht für Barca wenn man bereits einen 4 Tore Vorsprung im Rücken hat, dann noch Vollgas zu geben……..",0,0,0,0,0,1,True
Roberto carlos müsste in top 5 weil sein schuss war 202 kmh,0,0,0,0,0,1,True
Hoffentlich steigt Hoffenheim ab,0,0,0,0,0,1,True
"Richtig gemacht, die Eltern sollten mal beim Trainer Lehrgang dabei sein oder der Verein eine Schulung für Eltern abhalten: wie verhalte ich mich am Sportplatz meiner Kinder👍🏻",0,0,0,0,0,1,True
"This was super helpful, thanks!",0,0,0,0,0,1,True
Zieh ich dir 50 von,0,0,0,0,0,1,True
"Fantastic explanation, thank you!",0,0,0,0,0,1,True
"wenn sich ein Team auf der ganzen Welt nicht über Schiris beschweren darf, dann ist es Real",0,0,0,0,0,1,True
DIESE Freistöße von Ronaldo auf Platz 18 und 13 ist respektlos,0,0,0,0,0,1,True
Hate immer schon so einen großen Respekt wallah,0,0,0,0,0,1,True
"Ich kann mich  an Kleindienst errinnern da war er 19 bei Cottbus mit Sven Michel ein Sturm Duo , das ist Locker 10 Jahre her!",0,0,0,0,0,1,True
"1:05 Wollte nur mal erwähnen, dass Bayern Konrad Laimer geholt hat. Nicht Stefan Lainer. 😂",0,0,0,0,0,1,True
Visca Barça 🔵🔴💙💖,0,0,0,0,0,1,True
Schämt man sich nicht eigentlich das man angibt 7:0 gegen ein Team gewonnen zu haben das seit 2023 kein Sieg mehr hat?,0,0,0,0,0,1,True
Ali,0,0,0,0,0,1,True
1,0,0,0,0,0,1,True
Real wurde einfach beklaut 🙃,0,0,0,0,0,1,True
Hahaha,0,0,0,0,0,1,True
"Kurz mal Real Sociedad im vorbeigehen vergewaltigt 😂 heftig! 33:0 Torschüsse... Die können von Glück reden, dass es nur 4:0 ausgegangen ist.",0,0,1,0,0,0,True
Ronaldo ist so geil! In seinem Alter noch eine Maschine,0,0,0,0,0,1,True
Wie Kakke er ist,0,0,0,0,0,1,True
"Als neutraler Fan kann man sich nichts Besseres wünschen – so ein Spiel ist pure Fußballunterhaltung! Spannung, Action & Emotionen – einfach ein Traum für jeden echten Fußballfan!",0,0,0,0,0,1,True
Aber ich gönne es heuch🎉,0,0,0,0,0,1,True
ich liebe Ryerson. So ein Kämpfer einfach.,0,0,0,0,0,1,True
4:12 Die Bielefelderin (an sich?) ist ja ganz wuschig... :P,1,0,0,0,0,0,True
"Dieser nachspreche..dazu muss ich aber sagen,das wollte ich gerade ansprechen... reicht ein kommentator nicht der auf klo sitzt?",0,0,0,0,0,1,True
8 mall,0,0,0,0,0,1,True
Respekt muss man sich verdienen. Der Typ hat ihn nicht verdient!!,0,0,0,0,0,1,True
"Ich bin absolut kein Bayern Fan, eher das Gegenteil, aber das Kimmich da mit Rot vom Platz muss ist echt einfach nur ein Witz.",0,0,0,0,0,1,True
Geil,0,0,0,0,0,1,True
"This video was amazing, learned a lot.",0,0,0,0,0,1,True
"7:01 Mbappe schießt den Freistoß durch die Mauer. Kommentator: ""Mbappe setzt ihn in die Torwartecke."" 😂",0,0,0,0,0,1,True
"Xhaka beschwert sich nach dem Spiel, dass das in der PL nie gegeben würde. 
Junge, er wollte Kane nicht mehr loslassen, was für nicht geben😂",0,0,0,0,0,1,True
Eigentlich ist manual Messi fan,0,0,0,0,0,1,True
Baumann = Die Wand,0,0,0,0,0,1,True
Zweiter gehe,0,0,0,0,0,1,True
Love from India,0,0,0,0,0,1,True
"Very well done, appreciate this video!",0,0,0,0,0,1,True
Rekordkulisse für ein Kreisliga Niveau Spiel.,0,0,0,0,0,1,True
Friends with m2XXIV Fortnite,0,0,0,0,0,1,True
Passiv Abseits bei Mason Mount,0,0,0,0,0,1,True
RODRIGO,0,0,0,0,0,1,True
Wenn ferdi und merih noch spielen kann das was werden,0,0,0,0,0,1,True
MESSI,0,0,0,0,0,1,True
"Ich verstehe nicht wieso das Handspiel von Atletico nicht gepfiffen würde. Selbst die Moderatoren sagten, sie hätten es gesehen.",0,0,0,0,0,1,True
Macht weiter so ihr seit die aller besten❤❤❤,0,0,0,0,0,1,True
😂😂😂,0,0,0,0,0,1,True
Sag mal ehrlich wer  von euch juckt noch die Saudi League,0,0,0,0,0,1,True
"Very well done, appreciate this video!",0,0,0,0,0,1,True
"Psg 🎉was für ein spiel … was für eine Mentalität heute , einfach geillll…",0,0,0,0,0,1,True
Aydin Güler richtig stark,0,0,0,0,0,1,True
David 😂😂😂😂😂😂,0,0,0,0,0,1,True
Ich verstehe die Kommentare. Der Kommentator hat keine Power in der Stimme. Dennoch frage ich mich ob dieser Hass sein muss?,0,0,0,0,0,1,True
Bei gott genau so 😂💀,0,0,0,0,0,1,True
😎😎😎😎😎😎😎😎😎😎😎😎😎😎😎😎😎😎😎😎😎😎😎😎😎😎😎😎😎😎😎😎😎😎😎😎😎😎😎😎😎😎😎😎,0,0,0,0,0,1,True
Vini went flaying 😂😂😂😂😂😂😂😂😂😂😂😂😂😂😂,0,0,0,0,0,1,True
Kreisliga C jeden Sonntag,0,0,0,0,0,1,True
Hä meine Schule einfach,0,0,0,0,0,1,True
"Beides Idioten. Hincapie für den Wurf, Rot. Bazee ebenfalls Rot dafür, dass er so tut als ob ihn eine 10kg schwere Kugel getroffen hat.
Was für 2 Lappen.",0,0,1,0,0,0,True
The Rael goat😉,0,0,0,0,0,1,True
Das stärkste cl Team aus Frankreich geschlagen,0,0,0,0,0,1,True
Ich,0,0,0,0,0,1,True
",,Schießt den Ball ins Bernabeu“😂 Bester Kommentar",0,0,0,0,0,1,True
Das geht garnicht,0,0,0,0,0,1,True
Niemals elfee 😂😂😂😂😂,0,0,0,0,0,1,True
"Egal wie kacke ein Spieler ist. Er sollte niemals rassistisch beleidigt werden. Man kann soviel sagen wie man will aber nicht rassistisch. Wenn er sich nicht fair verhält soll er runter gestellt werden. Und Affe ist ganz klar eine rassistische Beleidigung da muss man nicht drum herum reden. Wenn er deine Mutter beleidigt, beleidige seine Mutter zurück. Das wäre vernünftig.",0,0,1,0,1,0,True
"Was ein Schiri, so einen hätte ich damals gebraucht",0,0,0,0,0,1,True
And happy birthday 🎂 ❤❤,0,0,0,0,0,1,True
"Bellingham ist halt ein riesiger assi, gibt wenige Spieler die mehr abgehoben sind als der. Ich gönne ihm alles schlechte dieser Welt und er passt perfekt zu diesem drecksverein",0,0,1,0,0,0,True
Missi❤❤,0,0,0,0,0,1,True
Leider Kein euro Meister aber wir wissen das es eigentlich so gewesen wäre,0,0,0,0,0,1,True
Lautaros Chance in der zweiten Halbzeit einfach Mal komplett ignoriert. Dabei war seine Chance als die Chancen der Bayern am gefährlichsten(mit Ausnahme von Kanes)! Aber Hauptsache von schmeichelhafte Führung Inters sprechen....,0,0,0,0,0,1,True
Kimmich und Sane raus.,0,0,0,0,0,1,True
Bitte nur noch Videos mit den ogs,0,0,0,0,0,1,True
Real Madrid doesn’t have to wonder!,0,0,0,0,0,1,True
Kolomuani nicht dabei?Hat das keine Erwähnung verdient?,0,0,0,0,0,1,True
Lächerlich,0,0,0,0,0,1,True
"Spoiler Schutz ,❤️",0,0,0,0,0,1,True
⚽️⚽️⚽️💘,0,0,0,0,0,1,True
😂😂😂,0,0,0,0,0,1,True
S,0,0,0,0,0,1,True
Starke Leistung von Nübel und drei Tore durch deutsche Spieler - Nagelsmann dürfte sich mit dem VfB gefreut haben.,0,0,0,0,0,1,True
4,0,0,0,0,0,1,True
ihr maschinen :),0,0,0,0,0,1,True
"Baumann war Wahnsinn und absolut das Spiel dominiert Hälfte 1 sowie am meisten Hälfte 2. 
Goretzka sofort abgeliefert er wird enorm wichtig werden für die WM sowie aber auch alle anderen.",0,0,0,0,0,1,True
Ungarn grottenschlecht 1-6 😭😭😭,0,0,0,0,0,1,True
The first goal was perfect..,0,0,0,0,0,1,True
Liverpool ❤❤,0,0,0,0,0,1,True
Sorry aber kaum ist Kimmich raus ist viel mehr Geschwindigkeit im Spiel !,0,0,0,0,0,1,True
kid lewandowski was skilling everyone lol,0,0,0,0,0,1,True
Beier my club legend in fc 24,0,0,0,0,0,1,True
Wo ist Arda ?  Ups der darf ja unter Anceloti kein Fußball spielen!,0,0,0,0,0,1,True
Ergebnis im Video und im Titel muss echt nicht,0,0,0,0,0,1,True
Wer das liest bleibt Hoffentlich gesund 🎉,0,0,0,0,0,1,True
Ben türküm ulan auuu🤘🤘🤘🤘🤘,0,0,0,0,0,1,True
1,0,0,0,0,0,1,True
Du vermittelst Fairness und Empathie. Vielen Dank dafür! Im Fußball sieht man das leider nicht oft.,0,0,0,0,0,1,True
2025 und ihr verwendet immer noch „gesteskrank“ wow,0,0,0,0,0,1,True
"Salina
❤❤❤❤",0,0,0,0,0,1,True
Geisteskrank wenn man nicht zwei klägliche Versuche davor gehabt hätte.,0,0,0,0,0,1,True
1,0,0,0,0,0,1,True
Wenn das so ist geil,0,0,0,0,0,1,True
First 🥇 suiiiiiiiiiii!!,0,0,0,0,0,1,True
Das war ein Elfmeter vor dem Tor,0,0,0,0,0,1,True
Arme Bosnien 🤦,0,0,0,0,0,1,True
"Keine Ahnung was man zu dem Typen noch sagen soll! Das erste wie Messi, das zweite wie Gerd Müller und dann eine Rakete per Kopf. Steal des Jahres vom VfB!",0,0,0,0,0,1,True
"Hatte Albanien keine Torchance? Oder nur in der Zusammenfassung?
Mir macht das mit Tuchel etwas Sorge. Der krasse Kader mit nem gutem Trainer.",0,0,0,0,0,1,True
Serbien holt die Gruppe,0,0,0,0,0,1,True
Mainz05,0,0,0,0,0,1,True
Ali 31,0,0,0,0,0,1,True
Cringe,0,0,0,0,0,1,True
"Great job, this video was very useful!",0,0,0,0,0,1,True
Danke VFB!!!! Hätte ein Finale RB vs. Arminia nicht ertragen! Jetzt holt euch den Pott!,0,0,0,0,0,1,True
Es ist wieder vizekusen,0,0,0,0,0,1,True
Vamos,0,0,0,0,0,1,True
Jeder,0,0,0,0,0,1,True
"Bologna ist wirklich gut geworden, das gefällt mir sehr gut",0,0,0,0,0,1,True
"Wer das Spiel gesehen hat, Schlotterbeck so abgerissen heute, allgemein unsere Abwehr Bockstark!",0,0,0,0,0,1,True
Stop crying your heart out! 🚬🗿,0,0,0,0,0,1,True
MESSI the g.o.a.t,0,0,0,0,0,1,True
"Dieser Kommentator ist eine Frechheit.. ekelhaft wie parteiisch man sein kann, soll bei barca lutschen gehen",0,0,1,0,1,0,True
"Eine Frechheit dieser Antifußball !
Beide Mannschaften sollten für Jahre aus dem DFB Pokal ausgeschlossen werden !!!",0,0,0,0,0,1,True
Marcel Müller = Marcel scorer,0,0,0,0,0,1,True
Er hat den Angelo Stiller ausgepackt,0,0,0,0,0,1,True
"Sevilla jubelt nach dem 1:3, Frage warum?",0,0,0,0,0,1,True
"Und Stuttgart muss nächste Woche gegen PSG punkten, das wird schwer",0,0,0,0,0,1,True
"Wenn du beim Sportstudio siehst das ein Video über 10min liegt, weißt du es war ein interessantes Spiel 😂",0,0,0,0,0,1,True
12 Bitte das ist meine Trikot Nummer,0,0,0,0,0,1,True
Ihr seid einfach die besten,0,0,0,0,0,1,True
🎉,0,0,0,0,0,1,True
Danke auch für 400 tausend Aufrufe bei meinem SUI Ronaldo Song 🧡🧡,0,0,0,0,0,1,True
Alter Baumann. Heftig der hat Bock 🎉,0,0,0,0,0,1,True
Vini going to fly😂😅,0,0,0,0,0,1,True
Top 3 Europa,0,0,0,0,0,1,True
Mrtvi Sporting nije mogao da dobije kod kuće prosečni mali Dortmund koga svi redom jebu u bundes ligi,0,0,0,0,0,0,False
Ich bin beim trening gut und spiel auch ich bin sturmer,0,0,0,0,0,1,True
"Musiala ist einfach irre. Schade, dass er sich nicht mit einem Tor belohnen konnte. Hätte er verdient. Der Junge ist Gold wert.",0,0,0,0,0,1,True
Respekt SO macht man das sehr gut👍,0,0,0,0,0,1,True
"„Geisteskrank“ ist ein echt diskriminierendes Wort, vielleicht kann man ja versuchen, das aus seinem Wortschatz zu streichen 🫶",0,0,0,0,0,1,True
"Brown hat gut gespielt. Hat auch viel abbekommen. Der arme Junge lag ständig am Boden. Was mir aber auffiel ist, dass er kein Auge für Steilpässe hat. Da hätte er starke Vorlagen für ein eventuelles Tor geben können.",0,0,0,0,0,1,True
".... 00:07 Fehler Neuer!!!!

Ihn da so anzuspielen!",0,0,0,0,0,1,True
Du bist der beste,0,0,0,0,0,1,True
3❤,0,0,0,0,0,1,True
Desire Doue ist ein top Offensivspieler ❤️🇫🇷👍🏻✌🏻⚽👀💪😍😊,0,0,0,0,0,1,True
wer kennt ihn nicht atscheti,0,0,0,0,0,1,True
"1h gang😎
👇🏽",0,0,0,0,0,1,True
Europäischen Türkenhasser haben  klare Elfmeter nicht gegeben .,0,1,1,0,0,0,True
Nr 359,0,0,0,0,0,1,True
"Sane gegen die schwachen... Ich kann kicken. Sagen gegen die starken... fussball, was ist das?!😂😂",0,0,0,0,0,1,True
"Alles schön und gut mit dem 7-0 aber warum Spielt Rüdiger 90 Minuten obwohl fas Spiel schon in der Ersten Halbzeit Entschieden war? Rüdiger hätte Ausgewechelt werden müssen, der hat zuviele Spiele schon auf den Beinen und das Verletzungsrisiko bei Rüdiger ist sehr groß, aber das Interessiert Nagelsmann nicht!",0,0,0,0,0,1,True
Bei Nagelsmann war man schon falsch,0,0,0,0,0,1,True
Ronaldo,0,0,0,0,0,1,True
Das mit Müller nicht verlängert wird aber ein Verletzungsanfälliger Neuer einen Neuen Vertrag bekommt ist extremst lächerlich. Bayern macht sich immer mehr zum Gespött der Liga.,0,0,0,0,0,1,True
"Klasse Leistung, klasse Mannschaft, ich denke die Jungs von PSG sind nicht nur glänzend  in ihrer Leistung,  sondern auch haben  großen Spaß am Fussballspielen. Sie wollen dass die Fans und überhaupt Zuschauer auf ihre Kosten kommen.

Liverpool wohl das beste Team, wenn man ihre konstanten Leistungen betrachtet, auch sie waren sehr gut. Es ist sehr schade, dass so ein Team bereits im Achtelfinale raus ist.

Danke an beide Teams für den Kampf bis zur  letzten Sekunde, diese Dramatik und Fußballromantik gleichzeitig,  Und  für die Augenweide, was sie uns angeboten haben!",0,0,0,0,0,1,True
Neuer macht den Kahn und hat NULL Chancen den Ball zu spielen.,0,0,0,0,0,1,True
"An alle City shitter die zum Hinspiel noch so Großmäulig waren, nächstes mal provoziert vielleicht nachdem ihr Resultate gezeigt habt. Aber Real wird immer euere Endstation sein. In diesem Sinne Hala Madrid 🤍",0,0,1,0,0,0,True
Kommentar aus dem Schlafzimmer . Einfach peinlich .,0,0,0,0,0,1,True
Vini 💀💀💀💀💀💀💀💀,0,0,0,0,0,1,True
❤❤❤❤❤❤,0,0,0,0,0,1,True
"Schade, dass Arda nicht öfter spielt, aber schätze mal, dass er erst noch ne Zwischenstation benötigt",0,0,0,0,0,1,True
Ronaldo ❤❤❤❤❤❤❤❤❤❤❤ siuuuuuuuy,0,0,0,0,0,1,True
Bro das erste Tor hätte man schon halten können,0,0,0,0,0,1,True
11 das ist meine erste Nummer,0,0,0,0,0,1,True
"This video was amazing, learned a lot.",0,0,0,0,0,1,True
The use of icons made the video the expectedly bette,0,0,0,0,0,1,True
Celine is do tall as a girl but today💀💀,1,0,0,1,0,0,True
Beier,0,0,0,0,0,1,True
Woraus den?,0,0,0,0,0,1,True
Ihr seid es die widerlich sind!,0,0,0,0,0,1,True
6:21 KLARER ELFER,0,0,0,0,0,1,True
Jeder verlorene Punkt für VARdrid ist ein gewonnener Punkt ❤❤❤,0,0,0,0,0,1,True
Mach bitte 11,0,0,0,0,0,1,True
Rodrigp,0,0,0,0,0,1,True
Ey Schiri macht er das noch einmal... Dann machst du nichts😂Ja dann mach ich auch nichts,0,0,0,0,0,1,True
12,0,0,0,0,0,1,True
"Jaaa, bitte mehr mit Abos",0,0,0,0,0,1,True
Livakovic🙌,0,0,0,0,0,1,True
Saka😂👇,0,0,0,0,0,1,True
"arsenal hätte auch 100 tore schießen, trotzdem wird loverpool meister.",0,0,0,0,0,1,True
Jetzt im Rückspiel standhalten 💪🏻,0,0,0,0,0,1,True
Überhaupt einen Dortmunder Spieler nach den Leistungen der vergangenen MONATE/ Jahre zu nominieren ist einfach fahrlässig,0,0,0,0,0,1,True
00:20 - wie schnell er da plötzlich wieder ohne starke Schmerzen stehen kann,0,0,0,0,0,1,True
Hab das Spiel nicht gesehen waren die 8 min. Verlängerung gerechtfertigt 🤔,0,0,0,0,0,1,True
Jedes mal wenn sich durchgehitlert wird ist rüdiger dabei,0,0,1,0,0,0,True
"Das Wort ""unglaublich"" ist nicht steigerbar!",0,0,0,0,0,1,True
4 :02 jjajajajaja fruch x q no le atinas,0,0,0,0,0,0,False
Sehr geiles Video. Bin so gespannt auf die nächsten Spiele von Düren,0,0,0,0,0,1,True
"Wer sich so verhält, gehört in die Psychiatrie.",0,0,1,0,1,0,True
ich bin für portugal,0,0,0,0,0,1,True
Was haben wir für einen geilen Kader !,0,0,0,0,0,1,True
Bitte  43,0,0,0,0,0,1,True
NUR DER HSV! 😂,0,0,0,0,0,1,True
Menschen wie er geben alles um hier zu bleiben und sollen aus Schwachsinnigen Gründen Abgeschoben werden 😡! Aber Menschen die hier Straftaten begehen sich nicht an die Regeln halten bleiben hier 🤔 ! 🤦‍♂️🤦‍♂️🤦‍♂️,0,0,0,0,0,1,True
Ultras Sur.,0,0,0,0,0,1,True
Ja bro will ja nichts sagen aber wenn er puskas gewinnt ist es nur weil er cr7 ist es gibt do viel bessere tore.,0,0,0,0,0,1,True
Wo war da bitte eine doppelberührung?,0,0,0,0,0,1,True
"Könnt ihr mal bitte ein best of Mo machen, würde mich richtig freuen.",0,0,0,0,0,1,True
Ronaaaaldooooooooooo,0,0,0,0,0,1,True
4:15 was sind das wieder für Sachen die Lamine da macht 😮,0,0,0,0,0,1,True
Ronaldo,0,0,0,0,0,1,True
Barca ohne Schiri  hätten die verloren eindeutig,0,0,0,0,0,1,True
Das ball Weg schlagen sollte wie Trikot ausziehen mit gelb geahndet werden,0,0,0,0,0,1,True
"Props an Leverkusen, dass sie nicht aufgegeben haben (hätte auch noch schlimmer werden können), aber man muss ganz klar sagen, die Bayern waren einfach eine Nummer zu groß. In 180 Minuten hat Leverkusen es vielleicht zwei mal geschafft, Druck aufzubauen (einmal kurz vor Ende 1. Halbzeit und einmal Mitte 2. Halbzeit), aber ansonsten waren die Bayern einfach drückend überlegen. Wenn man gegen eine Mannschaft wie Leverkusen in zwei Spielen kein Gegentor bekommt und auch so gut wie nichts zulässt, dann versteht man, was da für eine Leistung hinter steckt.",0,0,0,0,0,1,True
Also 2 Epfmeter zu viel gegeben würde ich mal sagen. Jeder kleinste Mini Kontakt ist doch nicht direkt ein Elfmeter.,0,0,0,0,0,1,True
Rodrigo,0,0,0,0,0,1,True
so sehr wollen die gegen bochum und co halt nicht gewinnen...,0,0,0,0,0,1,True
Rodrigo,0,0,0,0,0,1,True
Onana der schlechteste keeper von united ever !!!! Du machst das Team schlechter ich hoffe das du verkauft wirst !!!!,0,0,0,0,0,1,True
😃😃FC Bayern,0,0,0,0,0,1,True
Menudo robo al atlético 😡,0,0,0,0,0,1,True
Gff,0,0,0,0,0,1,True
Wird so lange nachgespielt bis Leverkusen ausgleicht…. Wie immer,0,0,0,0,0,1,True
Es kracht und pfeift,0,0,0,0,0,1,True
War eine geile Stimmung heute im Stadion👏🏻,0,0,0,0,0,1,True
"Ist das wirklich eine rote Karte?? Erstmal war das eingreifen nicht sonderlich aggressiv, gut er hat bisschen gehalten...und die Distanz zum Tor war ziemlich groß, vielleicht wäre der andere Verteidiger noch drangekommen. Was meint ihr?",0,0,0,0,0,1,True
8 Tore,0,0,0,0,0,1,True
Flick macht barca definitiv stärker so werden sie Meister ❤,0,0,0,0,0,1,True
Aber wieso kommentiert der die namen so komisch?,0,0,0,0,0,1,True
"Diesen horrorfoul, brudi du machst doch das video. Ist nichts live und du kannst retakes machen..",0,0,0,0,0,1,True
Cool,0,0,0,0,0,1,True
5:54 wenn du gerade genüsslich vom Brötchen abgebissen hast aber Jubeln willst :D,0,0,0,0,0,1,True
Sind doch gar keine Frauen...,0,0,0,0,0,1,True
"Wo die DFB Mannschaft ihren tief hatten,wurden sie von jeder kleinen Fußballnation besiegt.Seit der EM und Nagelsmann Konzept ist die DFB wieder stark,Selbstbewusster und agieren mehr wie ein Team und seit dem die Politik nicht mehr die Mannschaft bestimmt..wird sie auch besser.Diese Mannschaft könnte Weltmeister werden wenn es so weiter geht.Trotzdem muss man auch mal mit einigen Niederlagen und unentschieden rechnen.Aber weniger als vorher wenn es so weiter geht.",0,0,0,0,0,1,True
Freut mich Mega für Sané🔥,0,0,0,0,0,1,True
Je schwächer der Gegner umso mehr kann Sané glänzen.,0,0,0,0,0,1,True
Echt schade bin aber trotzdem stolz auf meine Kölner,0,0,0,0,0,1,True
Was ein Müll Schiri 😢🤬,0,0,0,0,0,1,True
9:49 jeder save tut weh wie Kanonenkugel😂😂,0,0,0,0,0,1,True
HAHAHAAHAH Diese P***+ Vini   endlich mal rot für seine Scheiße!,0,0,1,0,0,0,True
"Gota ,wirz,saka❤
👇",0,0,0,0,0,1,True
Keep up the good work! Your ideas are unique and you skillfully convey your passion for creativity.🎈🖕🍷,0,0,0,0,0,1,True
Macht einen st pauli Song!,0,0,0,0,0,1,True
Ronaldo the best,0,0,0,0,0,1,True
Lamine Yamal ❤️🇪🇸👍🏻✌🏻👀⚽👌😍😊,0,0,0,0,0,1,True
Inyesta,0,0,0,0,0,1,True
Dann einfach abschieben trotz Kreisklasse.,0,0,0,0,0,1,True
Strip charmante bitte,1,0,0,0,0,0,True
niemals rot,0,0,0,0,0,1,True
❤,0,0,0,0,0,1,True
Und Manchester lies mctominay einfach gehen und holte dafür casemiro kannste dir nicht ausdenken 😂😂😂,0,0,0,0,0,1,True
Christian Eichner,0,0,0,0,0,1,True
Together we rise,0,0,0,0,0,1,True
Vini,0,0,0,0,0,1,True
Ronaldo 🇵🇹💯❤️,0,0,0,0,0,1,True
Beste challenge bitte mehr davon!,0,0,0,0,0,1,True
Super Video,0,0,0,0,0,1,True
Warum war das Abseits? Dachte Abseits sind nur Körperteile die ein Tor erzielen können.,0,0,0,0,0,1,True
"Das war so unnötig von Mbappé 🫣. Vollkommen berechtigt die rote Karte. 
War aber ein ganz schön zähes Spiel mit vielen kleinen Fouls und auch viel Theatralik.",0,0,0,0,0,1,True
"peinlich rtl, eine frechheit! nationalmannschaft gehört ins free tv, sagt ja schon der name für die nation",0,0,0,0,0,1,True
Seit mbappe weg is. Spielt Paris wirklich Weltklasse.,0,0,0,0,0,1,True
Ein inkompetenter Schiedsrichter der ganz Klar die Karten nicht als letztes Mittel sondern als seine einzige Lösung sieht,0,0,0,0,0,1,True
Er hat alles richtig in seinem Leben gemacht 🎉🎉🎉🎉🎉,0,0,0,0,0,1,True
Einfach langweilig das Spiel England hätte locker 5:0 gewinnen können die wollten einfach nicht 😅,0,0,0,0,0,1,True
Wo ist die zweite,0,0,0,0,0,1,True
🖤❤️💛DEUTSCHLAND🖤❤️💛,0,0,0,0,0,1,True
"سلام داداشم ایرانی 😂😂
Rodrigo",0,0,0,0,0,1,True
die größte Pfeife war ja Donnaruma mit seinen Aktionen. Von wegen Nachfolger von Buffon,0,0,1,0,0,0,True
The play acting or CHEATING from grown men is what puts me off watching football anymore. It's just pathetic embarrassing and shameful. I used to love football. But have lost my love for it. I don't even like it anymore. It's a game. With cheats from the very top of the governing body to everyboard of directors at each club to the players on the pitch. Why would I want to pay to watch any of it.,0,0,0,0,0,1,True
Havertz trifft kein Scheunentor,0,0,0,0,0,1,True
"Einfach toure 😂😂, komm zurück zu ups",0,0,0,0,0,1,True
"ohhh wie ist das schöööön, so was geiles hat man schon lange nicht geseeheeeennnn",0,0,0,0,0,1,True
Lustiges Video 😂😂😂,0,0,0,0,0,1,True
Also dieser Lamine Yamal mit 17 so zu spielen unfassbar danke für deine messi vibes 🎉,0,0,0,0,0,1,True
Saka❤,0,0,0,0,0,1,True
Mach barca!,0,0,0,0,0,1,True
Schiedsrichter der hat richtig gemacht !!!,0,0,0,0,0,1,True
Wieso sehe ich keine andere Mannschaft aufgrund von Schiedsrichterentscheidungen gewinnen,0,0,0,0,0,1,True
was Baumann da noch gehalten hat ist unglaublich!,0,0,0,0,0,1,True
#Ali31er,0,0,0,0,0,1,True
Toni Kroos?,0,0,0,0,0,1,True
"Your videos are always so helpful, thank you!",0,0,0,0,0,1,True
Atlético ist auch halt keine Titel Mannschaft bei dienen fällt auch aber immer ein bisschen bis zum Titel 🥲😬😂 das tut mir,0,0,0,0,0,1,True
Saka,0,0,0,0,0,1,True
SEHR SCHLECHT - BEWEISE SIND FAKE,0,0,0,0,0,1,True
Regelkonform Von Yamien lauft im 16er rein bevor er ihn den Elfer rein macht,0,0,0,0,0,1,True
Wie geil ist das denn,0,0,0,0,0,1,True
geiler song könnt ihr aber bitte mal einen Alaba song machen,0,0,0,0,0,1,True
Warum hat Tah eigentlich mitgespielt? Der läuft ja nur im Spaziergang das ganze Spiel,0,0,0,0,0,1,True
"Роналдо
😅",0,0,0,0,0,1,True
2 Dinge: 1) Fußball in den oberen Liegen hat mit Sport nix mehr zu tun. 2) Die Fankultur ist nur noch zum Kotz....,0,0,1,0,0,0,True
Hab so Bock auf diesen Fußball,0,0,0,0,0,1,True
Jungs das kommt ein bisschen spät an der Trend ist schon seit 5 Monaten aus😂😂😂,0,0,0,0,0,1,True
-sgdhs-,0,0,0,0,0,1,True
Die Abwehrspieler sind schwach 🤨,0,0,0,0,0,1,True
"Wow, gegen Albanien, respekt 👍",0,0,0,0,0,1,True
"3:00 wieder so ein typischer Kane Elfmeter zum unwichtigen 4:0. der kann sonst wirklich nichts. Und dafür 100 Mio? Der Oberwitz, wie kann man nur so dumm sein?",0,0,0,0,1,0,True
und wieso nur 3 min??  macht mal ausführlicher bitte,0,0,0,0,0,1,True
"Junge junge aber Paris war wirklich besser, verdient gewonnen",0,0,0,0,0,1,True
How could Cristiano Ronaldo were the small size 7 boots in 90 mins,0,0,0,0,0,1,True
Hala Madrid 🤍,0,0,0,0,0,1,True
"Wer zugelassen hat, dass weiße Trikots gegen pissgelbe spielen dürfen, sollte echt eingewiesen werden.",0,0,1,0,1,0,True
Beier,0,0,0,0,0,1,True
Keinen in Deutschland juckt Frauenfußball!!!!!! Eine Beleidigung für den schönen Sport. Frauen müssen einem auch alles verderben.,1,0,0,0,0,0,True
Möchte dich auch treffen 😂❤🎉,0,0,0,0,0,1,True
💀💀💀💀,0,0,0,0,0,1,True
Du noch 😀😀😀😀😀😀😀😀😀😀,0,0,0,0,0,1,True
❤❤❤❤❤,0,0,0,0,0,1,True
"Da soll mir einer sagen, die Spieler sind  nicht alle gekauft =)",0,0,0,0,0,1,True
Mit Herz gespielt!! Hoffentlich reicht es für das Rückspiel am Sonntag!,0,0,0,0,0,1,True
madrids ausgleichtor fast ne kopie vom manU tor im CL finale 1999 lol,0,0,0,0,0,1,True
Habe jetzt voll Bock auf Pasta 🍝,0,0,0,0,0,1,True
Saka,0,0,0,0,0,1,True
BOCHUM WAUU BEIM BAYERN PUNKTE KLAU ❤😂❤ GLÜCKWUNSCH ZUM SIEG ❤ AUS HAMBURG ❤,0,0,0,0,0,1,True
Ancelotti so schlecht! Heute mal ohne Glück!,0,0,0,0,0,1,True
4:02 wenn man am Arm getroffen wird hat man Schmerzen am Kopf... interessant.,0,0,0,0,0,1,True
Wer nichts wird wird Wirtz !,0,0,0,0,0,1,True
"Werde madrid fan hatten sie gesagt, es mach Spaß hatten sie gesagt... das du jedes spiel fast ein Herzinfarkt bekommst hatten niemand gesagt.",0,0,0,0,0,1,True
Unter 1h hier 👇,0,0,0,0,0,1,True
"So ein Verhalten ist doch in den Medien, Politik und anderswo zum Standard für Doppelmoral geworden!!!",0,0,0,0,0,1,True
"Sorry aber als sie bei 1:23 auf die krumme Außenlinie scharf stellen, musste ich lachen. Denis war kompetent, man hat gesehen dass er Erfahrung hat.",0,0,0,0,0,1,True
"Könnte denn die laufende Uhrzeit des Spiels nicht gezeigt werden? Das tut doch extrem viel,  besonders für so eine Aufholjag! Andere machen das auch, und es fällt mir extram auf, wie gut es ist wenn man die Spielminuten sehen kann. Habt ihr das Gefühl vielleicht auch?",0,0,0,0,0,1,True
im your  mom and yuor in trooboll,0,0,0,0,0,1,True
Übertreib halt beim 4:0 das ist ein klarer Fehler vom Torwart 5:50,0,0,0,0,0,1,True
Brotatos beim Essen beste,0,0,0,0,0,1,True
☠️☠️☠️,0,0,0,0,0,1,True
"Was sind das für Elfmeterentscheidungen? Schon beim ersten Elfmeter zum 1:1 trifft der Benfica-Verteidiger den Ball (der Ball fliegt komplett nach außen), auch wenn er ihm auf den Fuß tritt. Und der an Yamal ist maximal lächerlich.
Elfmeter sind so spielentscheidend und werden einfach nur inflationär vergeben",0,0,0,0,0,1,True
Bayern ist und bleibt  die beste deutsche Mannschaft,0,0,0,0,0,1,True
"Warte mal, ging dem Siegtreffer nicht ein klares Foul im gegnerischen Strafraum voraus?🤔",0,0,0,0,0,1,True
GORETZKAAAAAAAAAAAAAAAAAAAAAA,0,0,0,0,0,1,True
Dortmund hätte ja eh verloren 😂,0,0,0,0,0,1,True
Salin,0,0,0,0,0,1,True
Ich finde deine Viedios soooooooo cool,0,0,0,0,0,1,True
Sane und Tore schießen. 🙄,0,0,0,0,0,1,True
Laporte vs miami💀,0,0,0,0,0,1,True
Ganz schlechte Tonaufnahme DAZN,0,0,0,0,0,1,True
"Die zweite Hälfte tut nicht nur der Mannschaft, sondern auch uns Fans so gut!",0,0,0,0,0,1,True
Messi ❤,0,0,0,0,0,1,True
ein 3.-ligist im europa pokal???,0,0,0,0,0,1,True
Messi halt goat,0,0,0,0,0,1,True
Man merkt wie die Kommentatoren gegen vini die ganze Zeit sticheln ..,0,0,0,0,0,1,True
bitte mach mal die schlimmsten fauls,0,0,0,0,0,1,True
Der Kameraman hat gemoved.,0,0,0,0,0,1,True
Team Freiburg ❤👇,0,0,0,0,0,1,True
"Kein Bayern Fan aber Neuer ist eine Maschine. Stellt sich seit fast einem Jahr das erste mal wieder in einer Partie ins Tor, als wäre er nie weg gewesen.",0,0,0,0,0,1,True
❤❤❤🎉🙏💤🤣🙆🍀🤝,0,0,0,0,0,1,True
Donnarumma war echt absolut weltklasse!,0,0,0,0,0,1,True
Und jetzt versuchen mit Skill❤,0,0,0,0,0,1,True
Geiler typ wenigstens kannst du gut fußballspielen😊,0,0,0,0,0,0,False
ok,0,0,0,0,0,0,False
Machtdemonstration der Bayern,0,0,0,0,0,0,False
Uudhddjeujeuehjehee😈😈💀☠️😵,0,0,0,0,0,0,False
2,0,0,0,0,0,0,False
Ein solches Ergebnis sieht man im Fußball kaum,0,0,0,0,0,0,False
Saliba,0,0,0,0,0,0,False
😢😢😢😢😢😢😢😢😢😢😢😢😢😢😢😢😢😢😢😢😢😢😢😢jugadores,0,0,0,0,0,0,False
PSG könnte echt die CL gewinnen dieses Jahr,0,0,0,0,0,0,False
Holzi so eine Maschine,0,0,0,0,0,0,False
2:48 Was für unabsichtlich :D,0,0,0,0,0,0,False
☠☠☠☠☠☠☠☠☠☠☠☠☠☠☠☠☠☠☠☠☠☠☠☠☠☠☠☠☠☠☠☠☠☠☠☠☠☠☠☠☠☠☠☠☠☠☠☠☠☠☠☠☠☠☠☠💀☠☠☠☠☠☠☠☠☠☠☠☠☠☠☠☠☠☠☠☠,0,0,0,0,0,0,False
"Hätte Alvarez für real gespielt, zählte das Elfmeter zweifellos",0,0,0,0,0,0,False
"""Geht auf Schiri los."" Wie war das so beim Bild-Praktikum? Und mit Eltern, die Geschwister sind?",0,0,0,0,0,0,False
Was ein dummes Neider Video 😂😂😂,0,0,0,0,0,0,False
"‘They’re not a very good team’

- Gary Neville",0,0,0,0,0,0,False
فينسيوس,0,0,0,0,0,0,False
Könnt ihr ein Lied über Egestein machen,0,0,0,0,0,0,False
Rodrigo,0,0,0,0,0,0,False
Dawid mag Pups Witze 😂😊,0,0,0,0,0,0,False
wordl s baddest gk im better😂,0,0,0,0,0,0,False
Hincapie dachte sich auch nur April April ! :D,0,0,0,0,0,0,False
Das war Torschuss lern mal deutsch,0,0,0,0,0,0,False
Macht mal Triff oder Nagelball,0,0,0,0,0,0,False
"schön, der fussball hat gewonnen",0,0,0,0,0,0,False
Mumu 🤣🤣🤣,0,0,0,0,0,0,False
100😂❤,0,0,0,0,0,0,False
Schön nochmal einen Aufbaugegner bekommen. Wir werden bestimmt 2026 Weltmeister 😂😂😂😂😂😂,0,0,0,0,0,0,False
Messi❤❤❤❤,0,0,0,0,0,0,False
Jeder der von fussball Ahnung hat weiss nummer hat nix zu sagen,0,0,0,0,0,0,False
"Svensson war richtig stark! Beweglich, anspielbar, gut im Gegenpressing! 🖤💛",0,0,0,0,0,0,False
Es ist krass wie wenig Ahnung der man hat 😂,0,0,0,0,0,0,False
Ja ich hatte vor 2 Wochen die Kniescheibe draußen,0,0,0,0,0,0,False
Amazing content as always!,0,0,0,0,0,0,False
"Die erste Halbzeit war perfekt, obwohl ich dachte, dass es 5:6:7 stehen würde, änderten sich plötzlich die Dinge, aber es war der beste Wettbewerb, den ich in den letzten Jahren gesehen habe.😊🎉",0,0,0,0,0,0,False
Cr7,0,0,0,0,0,0,False
Ist auch eine Leistung das 3 ZDF Leute einen Namen 3 mal unterschiedlich aussprechen 😂🎉,0,0,0,0,0,0,False
Absolut brutales und leidenschaftliches Spiel. Da wurde mit harten Bandagen und viel Mut gespielt und am Ende dann sogar redlich dafür belohnt. Glückwunsch an die Arminia aus Bielefeld! Ihr habt euch mehr als nur verdient ins Halbfinale gekämpft.,0,0,0,0,0,0,False
Danke für denn täglichen content Brotatos bleibt alle gesund 👍💪,0,0,0,0,0,0,False
"Geisteskrankes Spiel,verdient gewonnen! Holt euch den Pott Bielefeld!!!",0,0,0,0,0,0,False
"Nicht das erste Mal, das Bellingham den Schiri beleidigt. Im letzten Spiel sagte er auch ""F*ck off! F*ck you man!! Von daher eine vertretbare Entscheidung, da rot zu geben",0,0,0,0,0,0,False
سهيل الباهي كاز شريع محمد بزيان,0,0,0,0,0,0,False
wtf,0,0,0,0,0,0,False
mach noch ein video über schlechte fußball produkte,0,0,0,0,0,0,False
Ronaldo ❤❤❤❤,0,0,0,0,0,0,False
Done,0,0,0,0,0,0,False
"Kimmich totaler Ausfall auf der Sechs, deshalb sollte er auch in der Nationalmannschaft nicht auf dieser Position spielen.",0,0,0,0,0,0,False
Das ist ein geiles Video 👍,0,0,0,0,0,0,False
"! KLEINE KRITIK ! An die Eltern des kleinen Leontins 😕😕

Die Entscheidung, ein Kind wie Leontin, das erst 7 Jahre alt ist, nicht ins Internet zu stellen oder für Klicks auszubeuten, ist von größter Bedeutung. Primär geht es um den Schutz seiner Privatsphäre und Unschuld. Kinder in diesem Alter können die Konsequenzen ihrer Online-Präsenz nicht vollständig verstehen. Ihre Identität und Entwicklung sollten in einem geschützten Raum stattfinden, frei von den potenziell negativen Auswirkungen des Online-Lebens.

Die Kommerzialisierung von Leontins Internetpräsenz birgt mehrere Risiken. Zum einen kann sie seine Authentizität beeinträchtigen, da er möglicherweise gezwungen wird, sich für die Kamera zu verstellen, um mehr Klicks zu generieren. Dies könnte seine psychische Gesundheit und sein Selbstwertgefühl beeinflussen, indem er lernt, seine Selbstachtung von der digitalen Anerkennung abhängig zu machen.

Des Weiteren könnte das rumschleudern von Geld aus seiner Internetpräsenz sein zukünftiges Leben beeinträchtigen. Wenn Leontin frühzeitig den Wert seiner Präsenz auf monetäre Gewinne reduziert sieht, könnte dies seine berufliche Orientierung und seine Einstellung zur Arbeit beeinflussen. Statt wichtige Fähigkeiten und Werte zu entwickeln, könnte er lernen, dass materieller Erfolg der einzige Maßstab für Erfüllung ist.

Insgesamt ist es wichtig, dass Eltern und Erziehungsberechtigte die Verantwortung übernehmen, die Privatsphäre und Unschuld ihrer Kinder zu schützen. Indem sie Leontin nicht ins Internet stellen oder für Klicks ausbeuten, schaffen sie die Voraussetzungen für eine gesunde Entwicklung, die nicht von digitaler Anerkennung oder finanziellen Gewinnen abhängig ist.   (nicht böse gemeint)",0,0,0,0,0,0,False
Der muss gesperrt werden für alle Zeit vom fussball,0,0,0,0,0,0,False
Merciiiii PSGGG ❤️❤️💙💙💙,0,0,0,0,0,0,False
Bitte ich habe dich abonniert nummer 11,0,0,0,0,0,0,False
Was für ein Depp! 😂,0,0,0,0,0,0,False
Bellingham der Retter meiner Wettscheine❤,0,0,0,0,0,0,False
❤❤❤❤❤❤❤,0,0,0,0,0,0,False
Wie heißt der Original Song?,0,0,0,0,0,0,False
Es kommt ja nicht nur darauf an wie gut der Spieler an sich ist sondern auch Liga und Verein machen viel bei der Wertung aus,0,0,0,0,0,0,False
Wie kann man Vita Cola nicht kennen? Schon lost 😅 Selbst im Westen ist sie durchaus bekannt denke ich,0,0,0,0,0,0,False
Eberl wusste warum er Doue wollte,0,0,0,0,0,0,False
Wenn der Typ so weiter macht wird er ein Status wie Messi haben ! Krass hätte niemals gedacht das sowas möglich ist,0,0,0,0,0,0,False
Gott sei Dank hat der Schiedsrichter sich getraut Neuer die rote Karte zu zeigen,0,0,0,0,0,0,False
"Die letzten drei Ligaspiele der Bayern:
Bayern - St. Pauli 3:2
Union - Bayern 1:1
Bayern - Bochum 2:3

Spielt so ein eventuell zukünftiger deutscher Meister? Vor allem 6 Gegentore aus drei Spielen gegen drei Abstiegskandidaten, das muss man sich mal auf der Zunge zergehen lassen.. aber bei Bayern läuft ja alles super 🥸",0,0,0,0,0,0,False
"Great tips, thanks for sharing!",0,0,0,0,0,0,False
Starker Kommentator :),0,0,0,0,0,0,False
Ronaldo best,0,0,0,0,0,0,False
Mumu Blacks Sieg Wahrscheinlichkeit liegt bei 99%,0,0,0,0,0,0,False
⚫️⚪️🔵,0,0,0,0,0,0,False
🤖,0,0,0,0,0,0,False
oi... when will you start posting in 4K?,0,0,0,0,0,0,False
❤❤❤❤,0,0,0,0,0,0,False
"Sehr gute Zusammenfassung. Und das ganze Elfmeterschießen gezeigt, TOP!",0,0,0,0,0,0,False
"Es gibt einen gewissen Jackson, der nicht schießen kann. 😭",0,0,0,0,0,0,False
Dortmund,0,0,0,0,0,0,False
"Italiener konnten noch nie fair spielen.Schubsen,zerren,halten,foulen...aber selbst die größten Schauspieler.Der Schlimmste gestern war ""Barella""!Der läuft doch nicht ganz rund!!!Wenn die am Verlieren sind....unmöglich!Sowas gehört mit der Art und Weise in keine EM oder WM!!! 😡👎‼️",0,0,0,0,0,0,False
Was für U12,0,0,0,0,0,0,False
ich heiße Alex 😂😂😂,0,0,0,0,0,0,False
"Was ist das bitte für ne Schwalbe vom Bielefelder Keeper, der Stürmer berührt ihn kaum und schon gar nicht am Kopf!?!?",0,0,0,0,0,0,False
Warum verstehen manche hier nicht die Regeln 😂😂,0,0,0,0,0,0,False
0:56 is klar bei Fußballern. Die haben nie Kontrolle über ihr Fahrzeug,0,0,0,0,0,0,False
Marokko krass auf außen und skills marokko hat brasilien vor 1 monat besiegt 2-1 und in der wm bis zum halbfinale,0,0,0,0,0,0,False
respekt an dich qualle bester schiedsrichter gute besserung dem junge wenn du ihn mal wieder siehst richte ihm die gute besserung aus,0,0,0,0,0,0,False
"Geht nur weiter ins Stadion liebe VfB Fans, Die Fußball Millionäre freuts 😂",0,0,0,0,0,0,False
Der endgültige beweis Bielefeld existiert!,0,0,0,0,0,0,False
Bernandó  szilva,0,0,0,0,0,0,False
Such dir einen Job,0,0,0,0,0,0,False
Real ohne Elfmeter würde im Mittelfeld der Tabelle rumdümpeln.,0,0,0,0,0,0,False
Das ist Müller,0,0,0,0,0,0,False
"Es macht wieder so wahnsinnig viel Freude diese Truppe spielen zu sehen, Julian hat aus verwöhnten Burschen ein eingespieltes Team gemacht. Kleindienst mega, passt so gut rein!",0,0,0,0,0,0,False
Ancelottiye girsin Arda'nın gölü,0,0,0,0,0,0,False
Gnabry heute bester Bosnier,0,0,0,0,0,0,False
"Was ein pico hahahahahaha
Was ein Gala hater 
Icardi hat gegen mich gespielt sagt der lan wer bist du 😂",0,0,0,0,0,0,False
Bewundern Sie den nächsten CL Sieger Barcelona 😄,0,0,0,0,0,0,False
Musiala Tor des Monats,0,0,0,0,0,0,False
"Naja, ein Tor sorgt nicht dafür dass er sonst schon viele tap ins macht. Das war seit dem „Fallrückzieher“ in der nations league sein erstes krasses Tor. Sonst nur Elfer und Rap ins oder ok tore",0,0,0,0,0,0,False
"Gänsehaut! Bitte mehr von solchen Menschen, die wirklich Werte vermitteln können!",0,0,0,0,0,0,False
Könntest du bitte zum sv Urania Platz in Lütgendortmund hinkommen bei der d Jugend bitteeeeee,0,0,0,0,0,0,False
Vini wird immer mehr zur Diva Neymar bei jeder Aktion liegt er auf den Boden und spielt nicht ab,0,0,0,0,0,0,False
"Lob an den Cutter, ich bin Fan von dem Schnittstil! Ist anders als sonst und eine Verbesserung, denn man versteht den Ablauf des Spiels viel besser.",0,0,0,0,0,0,False
Modrić ist einfach immernoch wichtig für die Mannschaft... und das mit fast 40 Wahnsinn😍,0,0,0,0,0,0,False
Spielen die mit dem WM Ball von 2006? 😂,0,0,0,0,0,0,False
Starke Zusammenfassung und Untermalung vom Kommentator! Hat Spaß gemacht anzuschauen,0,0,0,0,0,0,False
Eherling Halland,0,0,0,0,0,0,False
"Wir haben Bayern abgelöst und sind der schlechteste Verein der jemals gegen einen 3. Ligisten verloren hat. Kein Torschuss in Halbzeit 2. also man kann über Alonso sagen was man will. Die Niederlage geht auf ihn und für die Seasion muss er sich verantworten. Sollte er nicht, bin ich an dem Punkt für die Trennung🤬. Bayern hatte allgemein ein beschissenes letztes Jahr und hat auch gegen kleiner Bundesligateams verloren, da war die Niederlage nicht ganz auszuschließen. Was wir aber gemacht haben, von Amateurfußball bis hin zur absoluten Demütigung toppt jede Niederlage die man in den letzten 3 Jahren bekommen hat.",0,0,0,0,0,0,False
SRBIJAAAAA 🇷🇸🇷🇸🇷🇸🇷🇸 rückspiel kriegen wir wieder verstärkung IM Spiel  minimal 2:0 wird Serbien gewinnen,0,0,0,0,0,0,False
Alle Leverkusener können glaube ich zufrieden sein wenn Stuttgart den Pokal diese Saison holt. Letztes Jahr haben wir es ihnen in einem 50/50 Spiel zu Nichte gemacht und dieses Jahr können sie ihn sich holen. Ich würde es euch gönnen.,0,0,0,0,0,0,False
Henry und Ronaldo,0,0,0,0,0,0,False
"Is onana still the problem?😂😂😂😂😂
When will Man U realize Amorin is the problem here?
😂😂😂😂",0,0,0,0,0,0,False
Aba Albanien ist leider raus ich wahr auch mit albanien,0,0,0,0,0,0,False
Messi no Ronaldo yes,0,0,0,0,0,0,False
😮😮😮😮😮😮😮😮😮😮😮😮😮😮😮😮,0,0,0,0,0,0,False
Ronaldo zubastik,0,0,0,0,0,0,False
LOK,0,0,0,0,0,0,False
"Ilvoe you ❤❤❤❤❤
So beautiful girl ilvoe you call ma ap sa shadi kar na chata ho im from karachi 😢😢😢😢😢😢Please mzak nahi ha",0,0,0,0,0,0,False
"Ital. 
 Torwart: sogar mit einem eindeutigen Foul, gibt leider kein Elfmeter für Deutschland: Tätlichkeit am Stürmer, ohne den Ball zu treffen!!!! Regeln sind Regeln!!!!.. am die sich auch die Italiener halten müssen, diese ewigen Ausnahmen machen den Fußball kaputt. Das ist kein schlichtweg Körperverletzung, rote Karte, raus!!!!",0,0,0,0,0,0,False
8:32 verhindert Gnabry das Groß daneben schießt.,0,0,0,0,0,0,False
Olm ich heiß muhi,0,0,0,0,0,0,False
"Das 1:0 für Italien ist wirklich gut raus gespielt, aber die deutsche Defensive spielt in der Situation aber auch äußerst ranzig. Die Wechsel in der Halbzeit waren gut und auch die Reaktion der Mannschaft war ebenfalls gut. Für Gorezka freut es mich wirklich!",0,0,0,0,0,0,False
Wow what a comeback 🎉,0,0,0,0,0,0,False
Wo war Wirtz?,0,0,0,0,0,0,False
Schöner Abend für Neuer,0,0,0,0,0,0,False
"Joa, Kommentator ist auch nicht der hellste 😅",0,0,0,0,0,0,False
in zweite spiel minute tooooorrrrrr für russland.oder hat das stadion komentaror nicht das gesagt???,0,0,0,0,0,0,False
5:30 Harry Kane hat heute zwei Tore und eine Kopfnuss kassiert – beides aus dem Strafraum!,0,0,0,0,0,0,False
Bosnien kann Major Tom jetzt auswendig,0,0,0,0,0,0,False
Bitte 9,0,0,0,0,0,0,False
FC St.Pauli 🤎🤍❤🏴‍☠️💪😎⚽️⚽️,0,0,0,0,0,0,False
Kann mir jemand erklären wieso der Elfer von alvarez nicht zählt?,0,0,0,0,0,0,False
"Und das Geheule um Spielerabwerbung geht wieder los 😂 Kann man es nicht lernen, dass es zum Fußballgeschäft gehört?",0,0,0,0,0,0,False
Րոդրիգո,0,0,0,0,0,0,False
Nieder mit erdowaaaaahn!💪💪💪💪,0,0,0,0,0,0,False
13 bitte,0,0,0,0,0,0,False
wahrer blitzkrieg,0,0,0,0,0,0,False
diese Deutschlandauswahl bedeutet mir überhaupt nichts mehr.,0,0,0,0,0,0,False
Bellinghams Haus in Herdecke ist seit seiner Abkehr vom BVB eine Bauruine. Vielleicht kann er da wieder rein.,0,0,0,0,0,0,False
"Wie man am Ende die Italiener mit ihren eigenen Versagerfußball geschlagen hat hahahahah

Hier und da fallen lassen, reklamieren und Freistöße bekommen. Grüße an Donnarumma.",0,0,0,0,0,0,False
Bin zwar für Deutschland 🇩🇪 aber Spanien 🇪🇸 ist nochmal anderes Level deshalb Spanien 🇪🇸,0,0,0,0,0,0,False
0:48 der 1 FC Woke Verein,0,0,0,0,0,0,False
"das war Arbeitsverweigerung, den Verlust konnte mann schon nach 10 Minuten sehen. Bayern hat zu viele Tiefs, sind keine Spitzenmannschaft.   Und der Trainer??? Keine Erfahrung....",0,0,0,0,0,0,False
This gave me chills… in the best way,0,0,0,0,0,0,False
wäre Salah mal vor 3 Jahren zu Real gegangen,0,0,0,0,0,0,False
Ja bei Real normal selbst von Mbappe das Trikot wurde verbrannt ist das selbe,0,0,0,0,0,0,False
De Gea lacht sich bestimmt kaputt über Man U,0,0,0,0,0,0,False
Ich hab bei so einer Situation das Bein verloren,0,0,0,0,0,0,False
15:36 der Typ im Vordergrund betet einfach😂,0,0,0,0,0,0,False
"Ich freue mich sehr für Sane!! Super Leistung und Top Tore gemacht.
Wenn er wieder in seinen Lauf kommt, ist er einer der Besten aus Europa und ich hoffe sehr, dass er da wieder hin findet.
Nach dem letzten Spiel und seiner Leistung diesmal zum Glück eine Mörder Performance!!!",0,0,0,0,0,0,False
"Drecks Köln,Gott sei Dank sind die raus aus dem DFB-Pokal. Da habt ihr Lappen wieder Zeit, euch auf die zweite Liga und dem bevorstehenden Nichtaufstieg zu konzentrieren.",0,0,0,0,0,0,False
Bro support my page 😅,0,0,0,0,0,0,False
Solche Typen vor den Kadi & lebenslang sperren...,0,0,0,0,0,0,False
und ich bin zu der Zeit in Bielefeld am Essen liefern 😅,0,0,0,0,0,0,False
rodrygo and endrick,0,0,0,0,0,0,False
"Thumbnail zeigt Mbappe in der Dusche, nachdem er die Seife aufgehoben hat.",0,0,0,0,0,0,False
"Junge ich danke diesem Wirtz einfach mein Leben lang für die erste Meisterschaft. ❤❤ Egal wohin er geht, er geht als Legende. Junge der Typ hat mein Lebenstraum einfach erfüllt und ich war live dabei. Ich kann Tod umkippen und bin zufrieden 😂😂",0,0,0,0,0,0,False
MESSI,0,0,0,0,0,0,False
"Guter Sieg, aber viel zu überschwänglich vom Kommentator.
Die Offensive geht so gar nicht mit nach hinten. Kommentator hat mal wieder eine rossarote Brille auf. Freistoß war naja.
Kann gar nicht im Abschluss zeigt wieder wie schlecht man im Abschluss ist und macht glücklich das 6:0.
Nur zeugen kann gar nichts im Abschluss 1 und 2, das sie wieder nichts können im Abschluss und ballern einmal nach Einwechslung daneben und verhindern ein Tor vom eigenen Team.",0,0,0,0,0,0,False
Cooles Video wie immer ❤,0,0,0,0,0,0,False
Mario Götze,0,0,0,0,0,0,False
🤬😡,0,0,0,0,0,0,False
"Das war tatsächlich auch objektiv betrachtet einer der glücklichsten Titel in der Geschichte des DFB Pokals. Frankfurt hat massiv von Fehlentscheidungen profitiert. Alleine im Halbfinale gegen Schalke hätten sie sehr sehr sehr wahrscheinlich nicht gewonnen. Di Santo macht kurz vor Schluss nachweislich einen regulären Treffer, welcher kurz vor dem Übertritt der Linie vom Schiri einfach weg gepfiffen wird. Somit wäre Frankfurt mit einem Mann weniger in die Verlängerung gegangen.",0,0,0,0,0,0,False
Visca barca,0,0,0,0,0,0,False
"Thanks for sharing this, learned a lot.",0,0,0,0,0,0,False
Wenn man so denkt was Lewa mit 36 Jahre mach in top Liga ist unglaublich 🫡,0,0,0,0,0,0,False
Lol,0,0,0,0,0,0,False
an Baumann scheint ein guter Faustballer verloren gegangen zu sein,0,0,0,0,0,0,False
"Hab die Bayern echt so lange gehasst aber allein wegen Musiala gehts einfach nicht mehr. Ich liebe den Typen. Er ist so erfrischend im Vergleich zu vielen anderen Superstars, macht einfach sein Ding.",0,0,0,0,0,0,False
1,0,0,0,0,0,0,False
"Hätte es Oranje so gegönnt, aber dann gibt’s hoffentlich die Rache im Finale gegen Deutschland 🔥",0,0,0,0,0,0,False
Die deutsche Sprache stirbt aus in Deutschland  traurig 😭,0,0,0,0,0,0,False
Das Barca aus dem La liga spiel nix gelernt hat. 😮. In den letzten Minuten treffen Atletico doch gerne ins Tor. Ich dachte Flick stellt die Mannschaft besser ein. Schade eine 4:2 Führung her zu geben. So wird das nix mit CL. 😢,0,0,0,0,0,0,False
Geile 2te halbzeit,0,0,0,0,0,0,False
Hamburg wie eh und je überbewertet und siegessicher.,0,0,0,0,0,0,False
Grüße gehen raus an den Würstelbrüher vom Tegernsee,0,0,0,0,0,0,False
"Grüße gehen raus an Ancelotti, hoffe er vergisst nicht seine Kaugummis zu kauen ..",0,0,0,0,0,0,False
7:45 wie die 34 da zurück jogged .. junge junge den hätte ich direkt ausgewechselt nach der Aktion ...,0,0,0,0,0,0,False
Erster,0,0,0,0,0,0,False
Leiner ? Oder leiMer ? Man man man,0,0,0,0,0,0,False
"Beides absolute dramaqueens 
Der eine der seine emotionen nicht im griff hat und dann rum jammert und der andere der sich verhält als wäre ihm in den kopf geschossen worden. 
Beides peinliches verhalten",0,0,0,0,0,0,False
Kimmich und musiala replay 2018 Arnold - origi beste hahahahaah,0,0,0,0,0,0,False
Momentos inesquecíveis do futebol,0,0,0,0,0,0,False
Hallo,0,0,0,0,0,0,False
Brandt erstmal zum Friseur und Haarband weg,0,0,0,0,0,0,False
Nothing special.,0,0,0,0,0,0,False
Wahnsinn! ❤,0,0,0,0,0,0,False
Guter Mann,0,0,0,0,0,0,False
OH NEIN UNSER EIERKOPF IST VERLETZT😢😢😢,0,0,0,0,0,0,False
3:13 Bye bye iPhone,0,0,0,0,0,0,False
Hast du doch schonmal gezeigt,0,0,0,0,0,0,False
SPANIEN 😊😊🎉,0,0,0,0,0,0,False
Www,0,0,0,0,0,0,False
"😂😂😂 Bosnien Mannschaft war sehr, sehr schwach. Dadurch ist sieben Tore kassiert, die gehören zweiteilige, würde ich sagen",0,0,0,0,0,0,False
Respekt auch noch,0,0,0,0,0,0,False
Ist Düsseldorf in der nähe von NRW weil ich wohne da,0,0,0,0,0,0,False
Was ist denn mit deiner Stimme los? Das krächzen kann man sich ja nicht anhören,0,0,0,0,0,0,False
Livakovic maschine,0,0,0,0,0,0,False
"Jetzt noch schwarze Schuhe, und wir haben es doch !!! Ein Traum in weiß und schwarz. Geiles Spiel sowieso...",0,0,0,0,0,0,False
"Sie verteidigen immernoch vogelwild, machen hahnebüchende Fehler und vergeben Großchancen ohne Ende. Aber wenigstens hat schwarz gelb heute erkennbar gefightet. Das und nur das kann der Weg zum Erfolg sein. Aber das musste halt auch gegen Bochum zeigen, oder gegen Augsburg und erst recht an jedem Spieltag auf dem Platz bringen.",0,0,0,0,0,0,False
Mach doch mal 11 m Schießen und der Verlierer bekommt Arschbolzen vom Brotinator,0,0,0,0,0,0,False
Beier,0,0,0,0,0,0,False
Liam,0,0,0,0,0,0,False
Danke RTL und DFB für den tollen Fussball-Abend 😊,0,0,0,0,0,0,False
"Quote Tor Kroatien 0.5 war 1.45 

Highroller 

Lecker 


Alle die mit Frankreich gegangen sind 
Sorry",0,0,0,0,0,0,False
They lost their way home,0,0,0,0,0,0,False
Ich dachte erst City hat Leibchen an 🥲,0,0,0,0,0,0,False
Vielleicht die Nr. 11 verpflichten?,0,0,0,0,0,0,False
Warum 8 Minuten Nachspielzeit 4 Minuten,0,0,0,0,0,0,False
💀💀💀💀,0,0,0,0,0,0,False
Noch nie so früh gewesen,0,0,0,0,0,0,False
"2:35 ich dschte zuerst ""bisschen spät um dich fallen zu lassen, meinst du nicht?""
Manchmal ist man doch vorschnell mit Urteilen😅",0,0,0,0,0,0,False
Der2 Torwart hat die 3 Punkte eingepackt.Frankfurt sehr Gut auch ohne Marmouch! 🙆‍♂️,0,0,0,0,0,0,False
Puhh entweder ist der Ersteller Dortmund oder Stuttgart Fan 😅,0,0,0,0,0,0,False
Mohamed Salah,0,0,0,0,0,0,False
Mehr Glück als Verstand,0,0,0,0,0,0,False
"Ich glaub, keiner hat drauf geachtet, dass jeder die gleichen Schuhe anhat😂😂",0,0,0,0,0,0,False
Klare rote Karte,0,0,0,0,0,0,False
Wieder ein Song am Freitag ist das ein Muster 🧐,0,0,0,0,0,0,False
"mir hat es in dortmund schon stark missfallen, dass bellingham ständig weinerlich und bockig guckte, wenns nicht lief.",0,0,0,0,0,0,False
Dier macht die Defensive der Bayern ohne Zweifel besser!,0,0,0,0,0,0,False
Saka seit ihr dumm,0,0,0,0,0,0,False
Saliba,0,0,0,0,0,0,False
Ben Türküm,0,0,0,0,0,0,False
MUMU BLACKK KRANKE SCHUSS TECHNIK 💣 (links Fuß sind die gefährlichsten 💪🏼),0,0,0,0,0,0,False
Werner,0,0,0,0,0,0,False
NOMA73,0,0,0,0,0,0,False
Klassischer Holzi mit Kurzer Hose im Dezember 😅😂,0,0,0,0,0,0,False
"Ich freue mich wirklich sehr, dass unsere Mannschaft dadurch innerhalb des Teams weiter gefestigt wird - und das schweißt zusammen, ganz klar. Coole Pässe, tolle Abschlüsse! Aber es ist kein Frankreich, kein England, kein Argentinien...",0,0,0,0,0,0,False
"Komisch, die Stuttgarter hört man nicht über die Nachspielzeit heulen so wie andere ""Vereine""...
Man könnte fast meinen dass das keine Mimosen sind so wie andere Fans",0,0,0,0,0,0,False
GORETZKAAA,0,0,0,0,0,0,False
Der derzeit größte Schwalbenkönig und ekelhafteste Charakter im Weltfußball sollte viel öfters Rot sehen!,0,0,0,0,0,0,False
"Ronaldo is top 1 in scoring goals from penalty and also top 1 in missing penalties.
makes you wonder how many penalties he has taken 😅",0,0,0,0,0,0,False
"Das erste Tor fällt und Vini hat NICHTS anderes, NICHTS im Sinn als Blick zu den Gegner Fans und auslachen :P Und er wundert sich wie unbeliebt er ist...",0,0,0,0,0,0,False
Erstes Tor von der One Piece Connection.,0,0,0,0,0,0,False
Sané macht EIN gutes Spiel! Hammer!,0,0,0,0,0,0,False
Beide Elfer von barca nicht korrekt,0,0,0,0,0,0,False
"Die Torhymne von Bayern ist einfach im höchsten Maße respektlos und den Gegner verhöhnend.
Sie ist eine Schande",0,0,0,0,0,0,False
Messiiiiiiiiiiiiiiiiiiiiiiiiiiiiiiiiiiii😈😂❤😮😊,0,0,0,0,0,0,False
"Ein Wunder das er es überlebt hat 😂😂😂
👇👇Kein muss",0,0,0,0,0,0,False
"Ich dachte, ich träume, ich konnte es erst gar nicht glauben, SUPER GEILES SPIEL, WIE SCHON LANGE NICHT MEHR, AM ENDE MUSSTE MICH MEINE FRAU KNEIFEN, DAMIT MIR KLAR WURDE, DASS ES KEIN TRAUM WAR.🤣👍👍👍👍👍👍👍",0,0,0,0,0,0,False
Ronaldo,0,0,0,0,0,0,False
Puré cringe,0,0,0,0,0,0,False
Türkei wird immer stärker und stabiler im Kader ist sie noch wär mehr Potenzial für uns. Türken vor allem im Sturm der Gül ein Riese aus Porto Wir haben echt gute Talente auch in der Abwehr. Aycicek oder Oğuz Aydın super 💪💪🇹🇷🇹🇷🇹🇷,0,0,0,0,0,0,False
"Mittlerweile nervt ihr mich Dazn! Das die Kommentatoren nicht vor Ort sind, hat man noch nie so deutlich gehört wie heute und das über die Highlights kein neuer Kommentar drübergesprochen wird kann ich langsam nicht mehr hören...",0,0,0,0,0,0,False
"I wish i could go to sv2 camp 
But its yoo far from where I live",0,0,0,0,0,0,False
Was für eine kack Zusammenfassung. Hälfte ausgelassen,0,0,0,0,0,0,False
"RONALDO
👇",0,0,0,0,0,0,False
"Hincapie wirft ihm gezielt den Ball, mit gut Schmackes, an den Hinterkopf und bekommt gelb?

Das ist ja absolut lächerlich.",0,0,0,0,0,0,False
Geiles Videooo,0,0,0,0,0,0,False
"Es ist echt schade, wie schlecht unsere Jugend Deutsch spricht.",0,0,0,0,0,0,False
Wo sind jetzt die Leverkusener?😂,0,0,0,0,0,0,False
"BvB hat Guerro gehen lassen , obwohl er bleiben wollte 😂",0,0,0,0,0,0,False
"**Klopf,Klopf**.....Wer ist da???...Ich bin's wieder,Bayer Vizekusen....Glückwunsch an alle Arminia Fans🥰",0,0,0,0,0,0,False
2:03 kranke Hütte 🛖,0,0,0,0,0,0,False
Der wird definitiv Fussballer,0,0,0,0,0,0,False
Ich finde das er seinem Hobby weiter nachgehen sollte,0,0,0,0,0,0,False
bruder wie schnell die highlights,0,0,0,0,0,0,False
Der Blick von Klopp beim 1:0 von Stiller. Unbezahlbar ❤,0,0,0,0,0,0,False
Was hat der Kommentar geraucht?😂noch nie so viel dogshit gehört,0,0,0,0,0,0,False
Lamin yamal auf die 1 und vini Jr auf die 2.  Dum🎉,0,0,0,0,0,0,False
die betrügen so offensichtlich,0,0,0,0,0,0,False
Ja,0,0,0,0,0,0,False
Hs,0,0,0,0,0,0,False
Die VAR Durchsage passte heute um das Feeling perfekt zu machen.,0,0,0,0,0,0,False
Mü ist eine MASCHINE!!! Stark ❤💪🏻💪🏻,0,0,0,0,0,0,False
wie viele chancen muss der Kai noch verhauen bis er vom platz gestellt wird?,0,0,0,0,0,0,False
Warum kein Tor von der Schweiz 🇨🇭 @brotatos,0,0,0,0,0,0,False
Ich kann eine umhauen 😂,0,0,0,0,0,0,False
Mbappe der Junge kann ja alles da fehlt nur noch das Kopfball,0,0,0,0,0,0,False
Ich bin 11und bin 1.62,0,0,0,0,0,0,False
"Ich bin dafür dass der BVB nur noch in der Champions League spielt. 
Was stimmt bitte mit der Mannschaft nicht so eine Leistung nicht auch in der Bundesliga abzurufen? 
Ich verstehe ja dass du nicht die ganze Saison durch jedes Spiel 110% geben kannst, aber was sonst unter der Woche gezeigt wird ist ja nur 20%.
Ja, freut mich natürlich dass sie weiter sind, aber die sonstige Leistung in der letzten Zeit schreit noch nach viel mehr Wiedergutmachung.

Wenn alle den Willen an den Tag legen würden wie ryerson ihn hat, dann gäbe es kein Problem. 
Was der Typ ackert ist der Wahnsinn.",0,0,0,0,0,0,False
Beier,0,0,0,0,0,0,False
Ja Save hatte ich schon eine Verletzung.Aber habe einem Kind bei einer Grätsche das Bein gebrochen.,0,0,0,0,0,0,False
"Nachdem der FC St. Pauli 2002 gegen die Bayern zum ""Weltpokalsiegerbesieger"" geworden war, konnten die Münchner alle sechs Pflichtspiel-Duelle gegen die Hamburger gewinnen.",0,0,0,0,0,0,False
Krass was Flick aus dem Kader gemacht hat,0,0,0,0,0,0,False
Szczesny hat in der Halbzeit in der Kabine sicher erstmal 1-2 Kippen gequalmt um wieder zu Sinnen zu kommen,0,0,0,0,0,0,False
Erfunden hat den Trick George Weah und der erst Spieler der diesen Trick (Elastico) in der Bewegung und nicht aus dem Stand ist R9 der einzig ware!!,0,0,0,0,0,0,False
Bitte die hauen noch RB raus,0,0,0,0,0,0,False
Please can I be on there :),0,0,0,0,0,0,False
Aua😢,0,0,0,0,0,0,False
Fae Valley,0,0,0,0,0,0,False
Diese Stimme... 🤮,0,0,0,0,0,0,False
Da soll noch einer sagen die Männer von heute bestünden nur noch aus Weicheiern :D,0,0,0,0,0,0,False
Messi ❤❤❤❤❤❤❤🎉🎉🎉🎉❤❤❤❤❤❤,0,0,0,0,0,0,False
2:04 ist der Torhüter von allen guten Geistern verlassen oder wollte er nur seinen eigenen Mitspieler umbringen? 😅,0,0,0,0,0,0,False
Die Trikots sind mega!,0,0,0,0,0,0,False
"Thank you for this video, very enlightening!",0,0,0,0,0,0,False
Kimmich ist eindeutig der bessere RV als DM. Der bringt als RV so viele und gute Flanken.,0,0,0,0,0,0,False
"Awesome video, looking forward to the next one!",0,0,0,0,0,0,False
Der Gehfehler beim Abpfiff war sehr stark haha😂,0,0,0,0,0,0,False
Messi,0,0,0,0,0,0,False
Digga das ist ne Krankheit das man nicht abnehmen kann,0,0,0,0,0,0,False
Hat sich Gomez wohl für die falsche Mannschaft entschieden. Gentner hat es richtig gemacht,0,0,0,0,0,0,False
The Ref was the 12th player for Germany,0,0,0,0,0,0,False
28 🙏,0,0,0,0,0,0,False
Hakan calhanoglu 🔥,0,0,0,0,0,0,False
Ich habe auch an meine Hand gebrochen,0,0,0,0,0,0,False
ich leibe deine videos❤sind die besten❤,0,0,0,0,0,0,False
Warum musst du uns daran erinnern? 😢😭💔,0,0,0,0,0,0,False
Er ist halt ein Bayerner,0,0,0,0,0,0,False
Prime Neuer🔥,0,0,0,0,0,0,False
Was haben die gegessen? Paella hilft für Fernschuss zu schießen. Hala Madrid💪,0,0,0,0,0,0,False
Cool Real,0,0,0,0,0,0,False
Du auf jeden Fall nicht,0,0,0,0,0,0,False
"gute Besserung, Kevin, du wirst schnell wieder gesund",0,0,0,0,0,0,False
Sei einfach mehr wie Giovanne Elber! Den haben alle geliebt und ich liebe ihn auch jetzt noch.,0,0,0,0,0,0,False
"Sané sollte man definitiv behalten, leider spielt er nie eine ganze Saison auf Top Level, aber seine Dynamik und seine Torgefährlichkeit ist immer noch Weltklasse 🔥",0,0,0,0,0,0,False
Irgendeiner ruf laut: Jetzt,0,0,0,0,0,0,False
Cristiano Ronaldo ❤❤🐐🐐,0,0,0,0,0,0,False
Elias🎉,0,0,0,0,0,0,False
Seit das mit Ronaldo war lieb ich es Manu so zu sehen er hätte nie gehen dürfen und Ten Hag hätte nie dort Trainer werden dürfen ! Ist das das Karma für Manu?!,0,0,0,0,0,0,False
"""The ball was so mesmerzing, it was so pretty"" - Pro goalie, 2022",0,0,0,0,0,0,False
Scerpen😅,0,0,0,0,0,0,False
Beier,0,0,0,0,0,0,False
Mert Hakan bester Mann 😂😂😂,0,0,0,0,0,0,False
"Der BVB hätte sich nicht wundern dürfen wenn das Ding 6:0, 7:0 oder 8:0 ausgeht… die wurden ja in jeglicher Hinsicht demontiert - Brutal von Barca!!!",0,0,0,0,0,0,False
Ciao Ungaaaaaaaarn haben aus euch Kebab gemacht,0,0,0,0,0,0,False
Liverpool is unstoppable now !!,0,0,0,0,0,0,False
Hey Fabinho vs Man City goal was a cracker!!!,0,0,0,0,0,0,False
Donna....umfall,0,0,0,0,0,0,False
Medsi,0,0,0,0,0,0,False
"""Liegt/Lag am Trainer""... whos next?!",0,0,0,0,0,0,False
Bitte 4🙏🙏🙏🙏🙏🙏🙏🙏🙏,0,0,0,0,0,0,False
Gute Besserung ❤,0,0,0,0,0,0,False
"1,5 m",0,0,0,0,0,0,False
die bayern trikots sind ja mal so schrott wer denkt sich so ne kake aus mit schwarze zahlen auch noch ahhahaha,0,0,0,0,0,0,False
Ronaldo ❤,0,0,0,0,0,0,False
"wir brauchen ein video mit holzi jr, cevapcici, pumuckl ronaldo, ocotcha und ansu fati",0,0,0,0,0,0,False
Die Kommentare sind immer das beste wäre das selbe bei z.b Bayern passiert würden hier alle rum heulen wenn er kein rot bekommen hätte ehh Bayern Bonus etc 🤣,0,0,0,0,0,0,False
Das ist das Deutschland was man kennt,0,0,0,0,0,0,False
❤❤❤❤❤❤❤,0,0,0,0,0,0,False
🇷🇸🇷🇸🇷🇸,0,0,0,0,0,0,False
Sevilla für ihr Zeitspiel so Karma bekommen 😂,0,0,0,0,0,0,False
That transition at 3:12 was chefs kiss,0,0,0,0,0,0,False
wow,0,0,0,0,0,0,False
Wann Nürnberg Song ?,0,0,0,0,0,0,False
Saliba,0,0,0,0,0,0,False
erinnerungen ..,0,0,0,0,0,0,False
Nein er kann nicht Will nicht braucht nicht muss er nicht,0,0,0,0,0,0,False
Und irgendwelche Straftäter und Terroristen kann man angeblich nicht abschieben. Achso Deutschland,0,0,0,0,0,0,False
Die sind am scouten…,0,0,0,0,0,0,False
Das sind die geilsten Spiele….,0,0,0,0,0,0,False
Ja liebe deine viedios dein conntent ist super cool ❤️❤️,0,0,0,0,0,0,False
Geschenke angenommen,0,0,0,0,0,0,False
Santos ist besser als Trapp,0,0,0,0,0,0,False
😂,0,0,0,0,0,0,False
CRgoat❤,0,0,0,0,0,0,False
"Immer wieder schön, die Bauern verlieren zu sehen🤣",0,0,0,0,0,0,False
"Wie undankbar sind eigentlich die ganzen Dortmund Fans, die ständig meinen man müsse Adeyemi und Gittens für 150 Mio loswerden und dann einen Umbruch starten? Es fehlt ihnen zwar an Konstanz, aber das sind zwei junge Talente, auf die man aufbauen sollte. Werdet lieber den ganzen anderen Müll los",0,0,0,0,0,0,False
"Goretzka Penner.....
Soll Politik machen gehen",0,0,0,0,0,0,False
0:36 parece el partido de liverpool vs Barcelona,0,0,0,0,0,0,False
mbappe der erste spieler in der cl geschichte der ein hattrick im bernabeu und camp nou erzielt hat,0,0,0,0,0,0,False
So schlechte Leistung von Real… courtois bester Mann !!!! Und Arsenal Glück mit 2 Standards aber Mega von Rice,0,0,0,0,0,0,False
9:07 in a full sized goal that’s in,0,0,0,0,0,0,False
Muito legal esses desafios.  Abraços 🇧🇷,0,0,0,0,0,0,False
PSG 🔵🤍❤️🇨🇵💪😎⚽️⚽️⚽️⚽️⚽️,0,0,0,0,0,0,False
😂,0,0,0,0,0,0,False
Gegen diese Pförtnertruppe hätte ich vier gemacht.,0,0,0,0,0,0,False
"Das der Elfmeter tatsächlich trotz VAR gegeben wurde ist doch ein schlechter Witz. Und dann will die UEFA behaupten, sie seien nicht manipulativ. Lachhaft.",0,0,0,0,0,0,False
15 please,0,0,0,0,0,0,False
hello im from poland,0,0,0,0,0,0,False
Und jetzt soll Bielefeld den Titel holen ❤🎉,0,0,0,0,0,0,False
🤫🇹🇷🇹🇷🇹🇷🇹🇷🇹🇷🇹🇷,0,0,0,0,0,0,False
Neuer bester mann er ist so symphatisch,0,0,0,0,0,0,False
Warum macht Marvin bei Fußball Challenge mit der hatte sich doch den Fuß verletzt,0,0,0,0,0,0,False
"Schön, den WM-Ball aus 2006 wieder zu sehen. ❤",0,0,0,0,0,0,False
Bro spielt ultimate Team irl,0,0,0,0,0,0,False
Hätte er Mal seine Augentropfen genommen 😂,0,0,0,0,0,0,False
vini wollte nur fußball spielen,0,0,0,0,0,0,False
Den Sieg darf man nicht überbewerten. Die Bosnier sind gekommen um zu verlieren.,0,0,0,0,0,0,False
Rijnders kann einfach alles am Ball,0,0,0,0,0,0,False
Brotatos die besten☝️❤,0,0,0,0,0,0,False
Bauman überzeugt bei jedem Spiel in der DFB Elf. Finde ihn deutlich überzeugender als Ter Stegen,0,0,0,0,0,0,False
Mach bitte ein Video mit dem Schalke spiele,0,0,0,0,0,0,False
Ich möchte Haland,0,0,0,0,0,0,False
GOORETZKAAAAA,0,0,0,0,0,0,False
"Warum sind eigentlich gefühlt 10 Minuten nach Abpfiff zu jedem Premier League, La Liga und Serie A Spiel Highlights mit deutschem Kommentar auf Youtube aber bei der Bundesliga muss man 3 Tage warten das kann doch nicht sein. Wie kann man das denn so schlecht vermarkten?",0,0,0,0,0,0,False
Bayer seit 270 minuten ohne Tor gegen Bayern…😂😂😂😇loserkusen…one year Wonder..Alonso schon am Ende…🤪😂😂,0,0,0,0,0,0,False
"Came for the thumbnail, stayed for the vibes",0,0,0,0,0,0,False
4,0,0,0,0,0,0,False
FC Barcelona siegt wieder ❤💙 mybien,0,0,0,0,0,0,False
Immer so lustig,0,0,0,0,0,0,False
Musiala  ist besser als Lamin Yamal,0,0,0,0,0,0,False
KML Shows 💣💣💣,0,0,0,0,0,0,False
Du hasst falsch entschieden er hat denn Ball nie berührt,0,0,0,0,0,0,False
33k likes,0,0,0,0,0,0,False
9 bitte😢😢😢,0,0,0,0,0,0,False
Mr beast karl gidince hayır dedi tesadüf mü,0,0,0,0,0,0,False
Er bleibt eine Legende,0,0,0,0,0,0,False
Minha mãe depois de ir na reunião de pais 👺👺👺👺👺👺👺👺👺👺👺👺😡😡🤬🤬😈😈,0,0,0,0,0,0,False
Denk nur ich so oder war der Freistoß von Olise absolut haltbar?,0,0,0,0,0,0,False
Keinen Cent für DAZN‼️,0,0,0,0,0,0,False
Sane Chancentod 😢,0,0,0,0,0,0,False
Wir haben Morgen ein Fußball Turnker (Schule ) In Berlin (Fortuna Biesdorf um 8 Uhr wäre nice wenn du mal kommen würdest 🎉❤,0,0,0,0,0,0,False
Bitte 17,0,0,0,0,0,0,False
"sane , ein absoluter unsympath !",0,0,0,0,0,0,False
"könntest du ein video über Sergio Ramos Geschichte
tschüss",0,0,0,0,0,0,False
Vini bro.,0,0,0,0,0,0,False
"BVB in BuLi: 🐈

BVB in CL:   🐆",0,0,0,0,0,0,False
🇹🇷🇹🇷🇹🇷💪🇹🇷🇹🇷🇹🇷,0,0,0,0,0,0,False
Saka,0,0,0,0,0,0,False
Zlatan Ellbogen Schlag habe ich geschaft😂😂,0,0,0,0,0,0,False
Ich freue mich für Marmoush 💯🇬🇧,0,0,0,0,0,0,False
Lewas (fall) rückzieher 😅,0,0,0,0,0,0,False
Sehr geiles video hätte aber auch gerne das Foul von Nürbel da drin gesehen als Schalke gegen Frankfurt spielte 😵‍💫😂,0,0,0,0,0,0,False
Nur der Fch,0,0,0,0,0,0,False
Arbeitsverweigerung! Kohle  zurückzahlen.,0,0,0,0,0,0,False
Es gibt soo viele schöne Wörter um Begeisterung auszudrücken… warum „geisteskrank“?,0,0,0,0,0,0,False
Insane.,0,0,0,0,0,0,False
Martin Ödegard ❤️👀⚽👌👌💪👍🏻✌🏻😍😊,0,0,0,0,0,0,False
Man merkt schon das Ter Stegen fehlt ya 😂,0,0,0,0,0,0,False
15,0,0,0,0,0,0,False
Dieser kleine vitinha ist ein sehr großer fussballspieler,0,0,0,0,0,0,False
Ihr seid die diesen ❤ macht weiter so ❤,0,0,0,0,0,0,False
Bielefeld hatte 10er quote hätte ich gegeben aq,0,0,0,0,0,0,False
Gol gol gol gol gol.gol 😂,0,0,0,0,0,0,False
"Unfassbar 
Aber geil",0,0,0,0,0,0,False
"Ich hab in meinem Leben 2 oder 3 Mal ein Video geschnitten, aber den Bild-Ton Abgleich krieg ich besser hin, als das.
Jobangebote gerne per DM. Würde zu gerne mal RTL ablehnen.",0,0,0,0,0,0,False
How did he not know it was Timo wener,0,0,0,0,0,0,False
warum ist der musbayern auf dem thumbnail hätten andere mehr verdient es gibt mehr als münchen,0,0,0,0,0,0,False
schade das dieser Grünen verein gewonnen hat.hoffentlich nicht im wahlen.,0,0,0,0,0,0,False
klarer elfer - wo soll das den ein skandal sein😂,0,0,0,0,0,0,False
Paris verschafft sich eine gute Position für das Viertelfinal-Rückspiel! Was traut ihr Villa nächste Woche noch zu?,0,0,0,0,0,0,False
White John Hernandez James Hernandez Patricia,0,0,0,0,0,0,False
CR,0,0,0,0,0,0,False
"Wundert mich nicht, dass die Waldhöfer Eltern rumschreien. Das ist deren normale Lautstärke der Unterhaltung in der Fabrik, in der sie gelegentlich arbeiten. 😂",0,0,0,0,0,0,False
"Das Problem ist, der Ball wird entscheidend abgefälscht, so das die Torchance verhindert wird und der Ball ins Toraus fliegt.",0,0,0,0,0,0,False
Wären es 90 min gewesen hätten die kleinen gewonnen,0,0,0,0,0,0,False
Are you in equador,0,0,0,0,0,0,False
Der 11er war nicht fair. Kann den Torwart vollstens verstehen.,0,0,0,0,0,0,False
"Er musste aber auch ziemlich viel einstecken ❤️
Er hat nicht angefangen!",0,0,0,0,0,0,False
1:0 bei Ballberührung eindeutig Abseits....,0,0,0,0,0,0,False
saka,0,0,0,0,0,0,False
"Baumann wird ja, wie viele andere deutsche Torhüter auch, als ""sehr gut aber nicht weltklasse"" bezeichnet. 
Entsprechend mal das Lob heute an ihn. Das war eine weltklasse Leistung.",0,0,0,0,0,0,False
Bester Verteidiger seiner Zeit 💪,0,0,0,0,0,0,False
Dazn oglum was das für ein Thumbnail willst du da was andeuten wir sind Türken mq nicht deutsche :D du talahon praktikant,0,0,0,0,0,0,False
🔥,0,0,0,0,0,0,False
"Also ich mir ist's völlig egal wer weiterkommt aber wo ist da bitte ein Doppelkontakt und was ist das für eine bescheuerte Regel, dass der elfer dann als verschossen gilt?",0,0,0,0,0,0,False
❤❤❤❤❤❤❤❤❤❤❤❤❤❤❤❤❤❤❤❤❤❤❤❤❤❤❤❤❤❤❤❤❤❤❤❤❤❤❤❤❤❤❤❤❤❤❤❤❤❤❤❤❤❤❤❤❤❤❤❤❤❤❤❤❤❤❤❤❤❤❤❤❤❤❤❤❤❤,0,0,0,0,0,0,False
💀💀,0,0,0,0,0,0,False
Ронолдо назарио (зубастик),0,0,0,0,0,0,False
Marlorka Hit,0,0,0,0,0,0,False
OMAENKOT,0,0,0,0,0,0,False
"Ich glaube mit Brotinator kann man auch coole Flanken bekommen.
#derBrotinator",0,0,0,0,0,0,False
"Havartz braucht einfach zu viele Chancen, der braucht 3-4 hochkarätige für ein Tor, das ist nicht gut",0,0,0,0,0,0,False
hoffentlich steigt Dortmund noch irgendwie ab,0,0,0,0,0,0,False
Danke Fußballgott für dieses megageile Finale zwischen 2 Traditionsvereinen,0,0,0,0,0,0,False
Team Ronaldo,0,0,0,0,0,0,False
❤❤❤❤❤,0,0,0,0,0,0,False
Nice,0,0,0,0,0,0,False
Freue mich für Ronaldo aber wo war das nen Elfer😂,0,0,0,0,0,0,False
Einmal Waldhof immer Waldhof hey.,0,0,0,0,0,0,False
"Warum wird der Elfmeter eigentlich nicht wiederholt? Man sieht Klar, dass 1 Italiener im Strafraum steht.  Diese Regel wird auch nie wirklich beachtet.",0,0,0,0,0,0,False
Ja,0,0,0,0,0,0,False
Ganz ehrlich dieses Pubertäts Ding ist immer unangenehm vor allem wenn der Schidsrichter einem das sagen muss sag einfach ganz normal bJugend spielt normal dann passt das,0,0,0,0,0,0,False
7:37 sagt der Kommentator ernsthaft „Real-VARdrid“??,0,0,0,0,0,0,False
Der.name von der nummer 8 😂😂😂😂😅😅😅😅😅,0,0,0,0,0,0,False
La final era Cucureia.,0,0,0,0,0,0,False
Will das jetzt nicht unter jedem real madrid video kommentieren aber VINI IST WELTKLASSE.,0,0,0,0,0,0,False
Pavlidis 💪🦁🇬🇷,0,0,0,0,0,0,False
"Beim Jubel vom dritten Tor prasseln die Gegenstände auf Bardakçı dem Torschützen.
Kommentator erwähne das auch beim nächsten mal",0,0,0,0,0,0,False
Einfach verhext. Wo man hinschaut spielen die Ex United Spieler fantastisch nur bei United hatten sie Schwierigkeiten. Ich frage mich wie Bruno bei einem anderen Klub spielen würde 👀,0,0,0,0,0,0,False
"wenn man als torwart sich verschätzt einfach an kopf packen, dann wird schon abgepfiffen
bremen selbe schuld aber sowas ist schon dämlich",0,0,0,0,0,0,False
Die 25 macht den moukoko 😅,0,0,0,0,0,0,False
❤❤❤,0,0,0,0,0,0,False
NOMA7,0,0,0,0,0,0,False
4:31 Gänsehautmoment im Stadion ❤🤍,0,0,0,0,0,0,False
Alaba leider nicht mehr der selbe nach seiner Verletzung,0,0,0,0,0,0,False
"Guardiola so schlecht, unglaublich, stell mal vor guardiola würde Everton trainieren",0,0,0,0,0,0,False
Wie kann man sein eigenes Standbein amschiessen so schlecht😂😂😂😂😂😂,0,0,0,0,0,0,False
Ich sympathisiere immer noch nicht mit PSG aber es ist vor allem wegen der HR mehr als verdient bin ich ehrlich,0,0,0,0,0,0,False
Die werden nicht schnell zurück kommen.auser neues spiel Geld komme in die Kasse n,0,0,0,0,0,0,False
Rodrigo,0,0,0,0,0,0,False
Bester mann,0,0,0,0,0,0,False
"Kimmich und Gotetzka, das Traumduo 👌",0,0,0,0,0,0,False
CLEMENS 13,0,0,0,0,0,0,False
Wider 2 Töre das auch einen 60 jahriger trefen kannte 🤣,0,0,0,0,0,0,False
"Super, freu mich auf Dienstag :)",0,0,0,0,0,0,False
"Real hat wirklich den schlimmsten Charakterabschaum der gesamten Fussballbranche im Kader, muss man auch erstmal schaffen.",0,0,0,0,0,0,False
"Das war eines der besten Spieler der deutschen Nationalmannschaft seit langem, selten so viele Spaß als Zuschauer gehabt, auch weil Italien sich in Halbzeit zwei noch einmal so gesteigert hat, Respekt dafür. Es war einfach ein tolles Spiel 👍🏻🇩🇪♥️🇮🇹",0,0,0,0,0,0,False
Verkauftes spiel,0,0,0,0,0,0,False
4:22 erst mal einen durchziehen,0,0,0,0,0,0,False
Einmal mehr wurde das große Real Madrid daheim vor einer Blamage gegen einen fast Absteiger gerettet indem der Schiri eine überragende Glanzleistung lieferte und zurecht Vardrids MVP wurde 💪💪💪😍😍😍,0,0,0,0,0,0,False
"Die 1. und letzte Rote sind voll in Ordnung, die zweite war für mich keine klare Torchance da in der Mitte noch Spieler waren und der Bayernspieler auch eher Richtung Grundlinie als Richtung tor unterwegs war. Wieder mal eine Entscheidung pro Bayern...",0,0,0,0,0,0,False
Die Kommentare kommen mir Spanisch vor.,0,0,0,0,0,0,False
"Havertz ist der größte Clown wirklich, kriegt jeden 10en Ball nur ins Netz. Egal wie hochprozentig die Chance ist",0,0,0,0,0,0,False
solche elfmeter machen den fußball kaputt. WOlfsburg hätte es auch verdient weiter zu kommen und dann wirst du durch so eine absurde aktion benachteiligt. Dieser elfmeter ist realitätsfern,0,0,0,0,0,0,False
"Kimmich war weltklasse! Eigentlich war ich noch nie ein Fan von ihm, aber heute hat er mich eines besseren belehrt!",0,0,0,0,0,0,False
messi❤❤,0,0,0,0,0,0,False
Lá ele,0,0,0,0,0,0,False
Ey qualle war da in bonlanden ich war auch da,0,0,0,0,0,0,False
"Sehr gute Leistung von Bremen. Das war wirklich die beste Saisonleistung, weil man endlich mal über 90 Minuten konstant geblieben ist. Aber das jetzt wieder von den Medien von Europa geredet wird ist wirklich Quatsch. Da stehen noch einige vor Bremen.",0,0,0,0,0,0,False
Beide so sympathisch,0,0,0,0,0,0,False
Geschmeidig,0,0,0,0,0,0,False
Würd auch sagen muhi 😂😂,0,0,0,0,0,0,False
FC Bayern hat bestimmt den Shiri bezahlt gegen Leverkusen,0,0,0,0,0,0,False
10 oder 19 bitte,0,0,0,0,0,0,False
5:21 wie ist das bitte ein elfmeter und die letzte aktion von benifca is keiner 😂 hat barca doch noch bisschen was an geld für den schiri gehabt,0,0,0,0,0,0,False
4:0 für Bayern - Frankfurt mehr wie gut bedient !,0,0,0,0,0,0,False
beste ergebniss für barca,0,0,0,0,0,0,False
Freiburg,0,0,0,0,0,0,False
"Was für eine Athmo, da bekommt man Gänsehaut beim gucken auf YouTube…",0,0,0,0,0,0,False
Peinlich was kimich da macht bin kein bayernfan aber der Typ ist einfach scheiße,0,0,0,0,0,0,False
Bro hab 7 gesehen und wie kann das nd auf 1 sein man konnte sogar Knochen sehen 💀,0,0,0,0,0,0,False
ES gibt ein Oberalm U13 Trinken nur Bri,0,0,0,0,0,0,False
😂😂😂😂😂😂😂😂,0,0,0,0,0,0,False
"Nagelsmann hat mich seid der WM echt beeindruckt.❤Ich freue mich, dass er unser Nationaltrainer ist. In der nächsten WM holen wir uns den Sieg.",0,0,0,0,0,0,False
Leider ist das so 😢,0,0,0,0,0,0,False
Ausbildung gehört halt zur Integration normal . Muss er mehr arbeiten für Profi Vertrag.,0,0,0,0,0,0,False
11 ❤❤,0,0,0,0,0,0,False
Real Madrid holt keine 3 Tore gegen FC Arsenal 😂 auf wovon träumen die Leute hahhahaha,0,0,0,0,0,0,False
Respekt Kenan Yildiz 🤲🕋🐺⚽🦿🦾🦾🦾🇹🇷🇹🇷🇹🇷 Bravo Juve🦾🦾🦾,0,0,0,0,0,0,False
Barca booooooooooooo,0,0,0,0,0,0,False
"starke Aussage von Ronaldo, nur immer dann wenn er nicht verliert",0,0,0,0,0,0,False
"Wass ist eigentlich mit Rummenigge passiert? 
Badet der eigentlich im Alkohol ?
So ein aufgedunzenes Gesicht und diese rote Nase ist schon komisch.😮😮😮",0,0,0,0,0,0,False
vini jr so ein eierkopf,0,0,0,0,0,0,False
Cooler Name,0,0,0,0,0,0,False
Goat Ronaldo👌,0,0,0,0,0,0,False
Argentinien ist momentan die krasseste Mannschaft- WELTWEIT 🇦🇷,0,0,0,0,0,0,False
"Gegen Bosnien digga 😂 
Spanien 😢",0,0,0,0,0,0,False
Messi and Ronaldo 🐐❤️,0,0,0,0,0,0,False
Super Typ!,0,0,0,0,0,0,False
"A mio parere il miglior portiere di tutti i tempi. Anche in un certo senso unico rispetto ad altre leggende come Buffon o Casillas. Entrambi hanno inoltre capacità di posizionamento e riflessi di livello mondiale. Tuttavia, Neuer ha uno stile che lo rende unico e lo distingue da tutti gli altri portieri. Ha riportato diversi infortuni gravi, che per qualsiasi atleta significherebbero la fine della carriera, ma non per Manuel Neuer. Se non avesse avuto questi infortuni, avrebbe vinto il titolo di Trottatore del Mondo molte altre volte.",0,0,0,0,0,0,False
Hit it with the cord DavidMc,0,0,0,0,0,0,False
Brd an alle Ronaldo fans die diese Scheiß Kommentare oben abgeben wenn das ihm passieren würde begeht der noch Mord ich sag’s euch nur 🙏🏻🙏🏻🗣️🗣️🤡🤡🤡,0,0,0,0,0,0,False
😮😮,0,0,0,0,0,0,False
"RV da muss Kimmich spielen niergendwo anders. Baumann, Goretzka genauso Weltklasse. Die anderen befriedigend mit Leistung nach oben. Sane schwächster Mann auf dem Platz.",0,0,0,0,0,0,False
Das muss Konsequenzen haben oder der Fußball ist an diesem Abend absolut ins Lächerliche gezogen worden,0,0,0,0,0,0,False
Ich kenne das,0,0,0,0,0,0,False
Gross sinnbildlich für den BvB,0,0,0,0,0,0,False
Beier,0,0,0,0,0,0,False
Das war sparta prag,0,0,0,0,0,0,False
"936 absolute Schmutzkommentare.
Bellingham sagte: Fu.. off was verarsch mich nicht oder scheiße bedeutet und nicht ""fu... you"".
Die schlecht ausgebildeten Schiedsrichter in Spanien sind der größte Witz, diese Liga mit Verband ist von Kopf bis Fuß korrupt. 
Von dem lächerlichen Kommentator will ich gar nicht erst reden, DAZN absolut parteiisch und nicht neutral. 
Drecksseite!!! 
Abo ist gekündigt",0,0,0,0,0,0,False
Neuer hat da auf dem Platz nichts mehr zu suchen,0,0,0,0,0,0,False
😂😂😂😂😂😂,0,0,0,0,0,0,False
C Ronaldo 🇵🇹 siuuuuuuu ♥️♥️🐐,0,0,0,0,0,0,False
STUTTGAAAAAAART,0,0,0,0,0,0,False
Fullkrug,0,0,0,0,0,0,False
Wer hat beim 4:1 auch an das Tor von Andre Schürrle aus dem Halbfinale in 2014 denken müssen?,0,0,0,0,0,0,False
Ronaldo is for all his fans because he is really one of us humans he knows what it means to have nothing thank you cr7,0,0,0,0,0,0,False
Nanu? Da ist wohl die bestechung nicht rechtzeitig beim schiedsrichter eingeflattert,0,0,0,0,0,0,False
Köln 💪💪💪,0,0,0,0,0,0,False
Bis du ein Albana,0,0,0,0,0,0,False
20th comment,0,0,0,0,0,0,False
"Dalicu, ako ovo citas mozda, daj GVARDIOLU da puca PENALE !!!!!",0,0,0,0,0,0,False
hat cucureila das im dezember 2025 gemacht? ich glaub du hast einen fehler im script,0,0,0,0,0,0,False
"Die Deutschen schwärmen von Wirtz und Musiala,aber die Musik spielt in Barcelona mit den Dirigenten Jamal,Raphina,Pedri etc...",0,0,0,0,0,0,False
71❤❤❤,0,0,0,0,0,0,False
"Aber ich versteh immer noch nicht wo das Handspiel von Mittelstädt gewesen sein soll. Auf den Bildern erkennt man eh schon nichts, aber seine Hand war doch hinter dem Kopf des Italieners?! Wie zum Teufel soll man da ein Handspiel sehen???",0,0,0,0,0,0,False
Ein knackiges 7 zu 0,0,0,0,0,0,0,False
"Every goal was great
But the last one was actually an own goal",0,0,0,0,0,0,False
Ihr seid geil,0,0,0,0,0,0,False
"Sehr sehr gut.
Der Kommentator sollte allerdings etwas mehr pro-D sein.",0,0,0,0,0,0,False
Wo sind auf einmal die ganzen Stay humble Kommentare hin. City best Team in the world 🩵💪🏼,0,0,0,0,0,0,False
"Hätte man das Spiel nicht abbrechen müssen, da von außen welche aufs Spielfeld gerannt sind ?",0,0,0,0,0,0,False
😮,0,0,0,0,0,0,False
"Aber mal ne Frage zum Titel dieses Beitrages:   Wie kann ein Treffer beim Fußball geisteskrank sein ? 
Kann mir das mal jemand erklären ?",0,0,0,0,0,0,False
Arsenal verdient gewonnen 😊,0,0,0,0,0,0,False
Die vom VAR werden sich auch Erinnern  vor allem  2 gegebene Abseitstore  und ein nicht gegebenen Elfmeter für Valencia einfach Unversämmt beim stand von 4-0  die Schiris noch für Mafialona FC VARCELONA !!😄,0,0,0,0,0,0,False
"Michael is crazy tall 😨
Kevin Gardellaa is very crazy tall 🥶",0,0,0,0,0,0,False
Klasse,0,0,0,0,0,0,False
stay humble eehh,0,0,0,0,0,0,False
Prime ist die größte plörre auf dem Markt. Gefärbtes Zuckerwasser mehr ist der scheiß nicht,0,0,0,0,0,0,False
Witz Gelb-Rote,0,0,0,0,0,0,False
